      .020,  .10350E+02
      .040, -.29000E+01
      .060, -.83200E+01
      .080, -.49600E+01
      .100, -.19400E+01
      .120, -.26700E+01
      .140, -.12880E+02
      .160, -.11960E+02
      .180,  .31000E+01
      .200,  .15430E+02
      .220,  .25630E+02
      .240,  .31410E+02
      .260,  .36630E+02
      .280,  .39790E+02
      .300,  .33140E+02
      .320,  .28700E+02
      .340,  .19750E+02
      .360,  .49700E+01
      .380,  .68500E+01
      .400,  .10410E+02
      .420,  .96300E+01
      .440,  .19650E+02
      .460,  .21040E+02
      .480,  .96900E+01
      .500, -.43000E+00
      .520, -.46800E+01
      .540,  .24000E+00
      .560, -.19400E+01
      .580, -.59900E+01
      .600, -.13000E+00
      .620, -.30800E+01
      .640, -.38900E+01
      .660,  .94100E+01
      .680,  .23500E+02
      .700,  .30800E+02
      .720,  .18940E+02
      .740, -.19100E+01
      .760, -.12800E+02
      .780, -.16240E+02
      .800, -.17140E+02
      .820, -.22610E+02
      .840, -.24000E+02
      .860, -.17240E+02
      .880, -.20920E+02
      .900, -.31300E+02
      .920, -.31170E+02
      .940, -.25000E+02
      .960, -.26140E+02
      .980, -.26330E+02
     1.000, -.22260E+02
     1.020, -.20840E+02
     1.040, -.53700E+01
     1.060,  .11440E+02
     1.080,  .13110E+02
     1.100,  .19570E+02
     1.120,  .23620E+02
     1.140,  .25030E+02
     1.160,  .30990E+02
     1.180,  .27490E+02
     1.200,  .17170E+02
     1.220,  .59700E+01
     1.240,  .74200E+01
     1.260,  .13640E+02
     1.280,  .77300E+01
     1.300,  .13860E+02
     1.320,  .17370E+02
     1.340, -.30200E+01
     1.360, -.21450E+02
     1.380, -.24770E+02
     1.400, -.17100E+02
     1.420, -.24490E+02
     1.440, -.48490E+02
     1.460, -.61010E+02
     1.480, -.59380E+02
     1.500, -.42450E+02
     1.520, -.34890E+02
     1.540, -.46820E+02
     1.560, -.44360E+02
     1.580, -.32170E+02
     1.600, -.20470E+02
     1.620, -.12670E+02
     1.640, -.11380E+02
     1.660, -.20000E+00
     1.680,  .81200E+01
     1.700,  .35700E+01
     1.720, -.60800E+01
     1.740, -.12310E+02
     1.760,  .63000E+00
     1.780,  .14030E+02
     1.800,  .84400E+01
     1.820, -.76200E+01
     1.840, -.20630E+02
     1.860, -.15520E+02
     1.880, -.62300E+01
     1.900, -.86200E+01
     1.920, -.11650E+02
     1.940, -.88600E+01
     1.960, -.40000E+01
     1.980, -.22900E+01
     2.000, -.59900E+01
     2.020, -.18380E+02
     2.040, -.31000E+02
     2.060, -.39720E+02
     2.080, -.57220E+02
     2.100, -.70610E+02
     2.120, -.71620E+02
     2.140, -.67430E+02
     2.160, -.57570E+02
     2.180, -.48340E+02
     2.200, -.27190E+02
     2.220,  .83000E+00
     2.240,  .14930E+02
     2.260,  .28690E+02
     2.280,  .30870E+02
     2.300,  .16120E+02
     2.320,  .15210E+02
     2.340,  .27170E+02
     2.360,  .39940E+02
     2.380,  .48900E+02
     2.400,  .46050E+02
     2.420,  .31550E+02
     2.440,  .16490E+02
     2.460,  .11350E+02
     2.480,  .70000E+01
     2.500, -.53000E+00
     2.520, -.65000E+01
     2.540, -.11240E+02
     2.560, -.64200E+01
     2.580, -.55000E+00
     2.600, -.53300E+01
     2.620, -.39100E+01
     2.640,  .71000E+01
     2.660,  .51400E+01
     2.680, -.99800E+01
     2.700, -.11870E+02
     2.720, -.11000E+01
     2.740,  .38700E+01
     2.760,  .92600E+01
     2.780,  .24980E+02
     2.800,  .44360E+02
     2.820,  .54420E+02
     2.840,  .53730E+02
     2.860,  .43210E+02
     2.880,  .21280E+02
     2.900,  .49000E+01
     2.920,  .38200E+01
     2.940,  .12850E+02
     2.960,  .18500E+02
     2.980,  .78800E+01
     3.000,  .21600E+01
     3.020, -.26600E+01
     3.040, -.33500E+02
     3.060, -.55990E+02
     3.080, -.35570E+02
     3.100,  .17900E+01
     3.120,  .10540E+02
     3.140, -.12680E+02
     3.160, -.23380E+02
     3.180, -.18300E+01
     3.200,  .26380E+02
     3.220,  .29220E+02
     3.240,  .14740E+02
     3.260,  .12670E+02
     3.280,  .12920E+02
     3.300,  .44700E+01
     3.320, -.54000E+01
     3.340, -.91100E+01
     3.360,  .23300E+01
     3.380,  .10530E+02
     3.400,  .11600E+02
     3.420,  .14810E+02
     3.440,  .36400E+01
     3.460, -.39000E+00
     3.480,  .18860E+02
     3.500,  .19300E+02
     3.520, -.20100E+01
     3.540, -.45200E+01
     3.560,  .13830E+02
     3.580,  .27970E+02
     3.600,  .32010E+02
     3.620,  .34120E+02
     3.640,  .39060E+02
     3.660,  .40510E+02
     3.680,  .31250E+02
     3.700,  .19690E+02
     3.720,  .10250E+02
     3.740,  .32400E+01
     3.760, -.13800E+01
     3.780, -.87100E+01
     3.800, -.54200E+01
     3.820,  .68100E+01
     3.840,  .68000E+00
     3.860, -.25430E+02
     3.880, -.49850E+02
     3.900, -.52380E+02
     3.920, -.44940E+02
     3.940, -.47300E+02
     3.960, -.44300E+02
     3.980, -.28990E+02
     4.000, -.10080E+02
     4.020,  .75000E+01
     4.040,  .27000E+02
     4.060,  .48300E+02
     4.080,  .37170E+02
     4.100,  .24500E+01
     4.120, -.16200E+01
     4.140,  .50900E+01
     4.160, -.64200E+01
     4.180,  .33700E+01
     4.200,  .49820E+02
     4.220,  .81180E+02
     4.240,  .58640E+02
     4.260,  .22060E+02
     4.280,  .15940E+02
     4.300,  .11230E+02
     4.320, -.88000E+00
     4.340,  .20820E+02
     4.360,  .47550E+02
     4.380,  .30250E+02
     4.400,  .75000E+01
     4.420,  .17940E+02
     4.440,  .41860E+02
     4.460,  .48300E+02
     4.480,  .32690E+02
     4.500,  .21240E+02
     4.520,  .19420E+02
     4.540,  .92900E+01
     4.560, -.15050E+02
     4.580, -.33310E+02
     4.600, -.15200E+02
     4.620,  .47300E+01
     4.640, -.24400E+01
     4.660,  .13330E+02
     4.680,  .35400E+02
     4.700,  .12860E+02
     4.720, -.25800E+01
     4.740,  .15280E+02
     4.760,  .12460E+02
     4.780,  .12900E+01
     4.800,  .20130E+02
     4.820,  .28340E+02
     4.840,  .22980E+02
     4.860,  .37330E+02
     4.880,  .30260E+02
     4.900,  .16760E+02
     4.920,  .46490E+02
     4.940,  .41760E+02
     4.960, -.21000E+02
     4.980, -.42960E+02
     5.000, -.20480E+02
     5.020, -.52700E+01
     5.040,  .10690E+02
     5.060,  .27920E+02
     5.080,  .24680E+02
     5.100, -.67000E+01
     5.120, -.39830E+02
     5.140, -.44110E+02
     5.160, -.27350E+02
     5.180, -.13500E+01
     5.200,  .18500E+01
     5.220, -.20920E+02
     5.240, -.10870E+02
     5.260,  .48100E+01
     5.280, -.24400E+01
     5.300,  .12360E+02
     5.320,  .29170E+02
     5.340,  .24340E+02
     5.360,  .13010E+02
     5.380,  .66400E+01
     5.400, -.13020E+02
     5.420, -.50010E+02
     5.440, -.16451E+02
     5.460,  .40440E+02
     5.480, -.30590E+01
     5.500, -.76270E+02
     5.520, -.92740E+02
     5.540, -.37690E+02
     5.560,  .52100E+01
     5.580, -.33790E+02
     5.600, -.39590E+02
     5.620, -.72200E+01
     5.640,  .96900E+01
     5.660,  .32190E+02
     5.680,  .35610E+02
     5.700,  .62010E+02
     5.720,  .76040E+02
     5.740,  .50130E+02
     5.760,  .74710E+02
     5.780,  .86730E+02
     5.800,  .71220E+02
     5.820,  .60580E+02
     5.840,  .32330E+02
     5.860,  .27060E+02
     5.880,  .56800E+01
     5.900,  .14050E+02
     5.920,  .57280E+02
     5.940,  .46110E+01
     5.960, -.27390E+02
     5.980, -.44000E+00
     6.000,  .93000E+00
     6.020,  .16310E+02
     6.040,  .20600E+01
     6.060, -.18890E+02
     6.080, -.14730E+02
     6.100, -.22330E+02
     6.120, -.15990E+02
     6.140, -.32220E+02
     6.160, -.19410E+02
     6.180,  .37150E+02
     6.200,  .27700E+02
     6.220,  .23870E+02
     6.240,  .40770E+02
     6.260,  .27160E+02
     6.280,  .20230E+02
     6.300, -.20590E+02
     6.320, -.49490E+02
     6.340, -.99200E+01
     6.360,  .70000E-01
     6.380, -.19100E+02
     6.400,  .39900E+01
     6.420,  .30590E+02
     6.440, -.54900E+00
     6.460, -.50090E+02
     6.480, -.25880E+02
     6.500,  .52260E+02
     6.520,  .48000E+02
     6.540, -.37740E+02
     6.560, -.46670E+02
     6.580,  .23320E+02
     6.600,  .54910E+02
     6.620,  .21910E+02
     6.640, -.11370E+02
     6.660,  .29090E+02
     6.680,  .45920E+02
     6.700, -.49570E+02
     6.720, -.12124E+03
     6.740, -.73820E+02
     6.760,  .42330E+02
     6.780,  .80220E+02
     6.800,  .78900E+01
     6.820, -.27000E+01
     6.840,  .41040E+02
     6.860,  .71490E+02
     6.880,  .96860E+02
     6.900,  .21249E+02
     6.920, -.54490E+02
     6.940,  .26519E+02
     6.960,  .11562E+03
     6.980,  .86621E+02
     7.000,  .10411E+02
     7.020,  .58700E+01
     7.040,  .77880E+02
     7.060,  .80960E+02
     7.080, -.16290E+02
     7.100, -.64450E+02
     7.120, -.10730E+02
     7.140,  .31730E+02
     7.160,  .12660E+02
     7.180, -.50600E+01
     7.200,  .65000E+01
     7.220,  .31620E+02
     7.240,  .54350E+02
     7.260,  .61190E+02
     7.280,  .44290E+02
     7.300,  .29610E+02
     7.320,  .49200E+02
     7.340,  .59530E+02
     7.360,  .63000E+02
     7.380,  .12080E+03
     7.400,  .15645E+03
     7.420,  .87549E+02
     7.440,  .12719E+02
     7.460,  .19040E+02
     7.480, -.11729E+02
     7.500, -.15685E+03
     7.520, -.23823E+03
     7.540, -.16795E+03
     7.560, -.84040E+02
     7.580, -.45370E+02
     7.600, -.41610E+02
     7.620, -.11391E+03
     7.640, -.22675E+03
     7.660, -.23801E+03
     7.680, -.10647E+03
     7.700,  .22980E+02
     7.720,  .30440E+02
     7.740,  .11000E+00
     7.760,  .52550E+02
     7.780,  .83580E+02
     7.800,  .10200E+02
     7.820, -.14400E+02
     7.840,  .20790E+02
     7.860,  .74200E+01
     7.880, -.21940E+02
     7.900, -.71340E+02
     7.920, -.11977E+03
     7.940, -.82879E+02
     7.960, -.14221E+02
     7.980,  .23090E+02
     8.000,  .42860E+02
     8.020,  .48320E+02
     8.040,  .49800E+02
     8.060,  .59020E+02
     8.080,  .61930E+02
     8.100,  .47080E+02
     8.120,  .47280E+02
     8.140,  .83560E+02
     8.160,  .11667E+03
     8.180,  .13133E+03
     8.200,  .14057E+03
     8.220,  .14273E+03
     8.240,  .17429E+03
     8.260,  .24308E+03
     8.280,  .23343E+03
     8.300,  .10796E+03
     8.320, -.25798E+02
     8.340, -.14320E+03
     8.360, -.22217E+03
     8.380, -.20846E+03
     8.400, -.17901E+03
     8.420, -.16160E+03
     8.440, -.13517E+03
     8.460, -.16514E+03
     8.480, -.22159E+03
     8.500, -.25610E+03
     8.520, -.31418E+03
     8.540, -.37662E+03
     8.560, -.38115E+03
     8.580, -.30341E+03
     8.600, -.18438E+03
     8.620, -.10673E+03
     8.640, -.54310E+02
     8.660,  .13441E+02
     8.680,  .84400E+01
     8.700, -.86542E+02
     8.720, -.11361E+03
     8.740, -.37802E+02
     8.760,  .19740E+02
     8.780,  .51549E+02
     8.800,  .10672E+03
     8.820,  .13734E+03
     8.840,  .11384E+03
     8.860,  .97040E+02
     8.880,  .97070E+02
     8.900,  .41791E+02
     8.920, -.45911E+02
     8.940, -.65790E+02
     8.960, -.30110E+02
     8.980, -.24690E+02
     9.000, -.42180E+02
     9.020, -.23210E+02
     9.040, -.22720E+02
     9.060, -.89669E+02
     9.080, -.13541E+03
     9.100, -.15226E+03
     9.120, -.16983E+03
     9.140, -.10707E+03
     9.160, -.17469E+02
     9.180, -.34700E+01
     9.200,  .29951E+02
     9.220,  .10525E+03
     9.240,  .10824E+03
     9.260,  .54780E+02
     9.280,  .24570E+02
     9.300,  .40550E+02
     9.320,  .94999E+02
     9.340,  .14048E+03
     9.360,  .16364E+03
     9.380,  .19500E+03
     9.400,  .22109E+03
     9.420,  .21876E+03
     9.440,  .19576E+03
     9.460,  .18592E+03
     9.480,  .18545E+03
     9.500,  .13934E+03
     9.520,  .83070E+02
     9.540,  .75150E+02
     9.560,  .76880E+02
     9.580,  .64830E+02
     9.600,  .55510E+02
     9.620,  .72700E+02
     9.640,  .10188E+03
     9.660,  .74459E+02
     9.680,  .26030E+02
     9.700,  .31660E+02
     9.720,  .54570E+02
     9.740,  .60780E+02
     9.760,  .33500E+02
     9.780, -.43000E+01
     9.800,  .47390E+02
     9.820,  .99230E+02
     9.840,  .25060E+02
     9.860,  .22459E+02
     9.880,  .11602E+03
     9.900,  .36572E+02
     9.920, -.10883E+03
     9.940, -.92731E+02
     9.960, -.95290E+01
     9.980,  .37240E+02
    10.000,  .29890E+02
    10.020,  .30100E+02
    10.040,  .86971E+02
    10.060,  .76350E+02
    10.080,  .21770E+02
    10.100,  .61310E+02
    10.120,  .13208E+03
    10.140,  .15528E+03
    10.160,  .12260E+03
    10.180,  .48740E+02
    10.200, -.85810E+01
    10.220, -.38530E+02
    10.240, -.58860E+02
    10.260, -.71680E+02
    10.280, -.82200E+02
    10.300, -.86440E+02
    10.320, -.82650E+02
    10.340, -.74940E+02
    10.360, -.74580E+02
    10.380, -.13391E+03
    10.400, -.26413E+03
    10.420, -.31136E+03
    10.440, -.22620E+03
    10.460, -.13406E+03
    10.480,  .26568E+02
    10.500,  .14806E+03
    10.520,  .31420E+01
    10.540, -.31329E+02
    10.560,  .18420E+03
    10.580,  .15628E+03
    10.600, -.13119E+02
    10.620,  .28561E+02
    10.640,  .54560E+02
    10.660, -.53762E+02
    10.680, -.10018E+03
    10.700, -.68819E+02
    10.720, -.53460E+02
    10.740, -.37949E+02
    10.760,  .10870E+02
    10.780,  .44180E+02
    10.800,  .26900E+02
    10.820,  .26849E+02
    10.840,  .96530E+02
    10.860,  .14957E+03
    10.880,  .15342E+03
    10.900,  .19960E+03
    10.920,  .24722E+03
    10.940,  .24392E+03
    10.960,  .24505E+03
    10.980,  .20482E+03
    11.000,  .12841E+03
    11.020,  .10663E+03
    11.040,  .68859E+02
    11.060, -.52089E+02
    11.080, -.16210E+03
    11.100, -.15936E+03
    11.120, -.64958E+02
    11.140,  .20000E-01
    11.160, -.28261E+02
    11.180, -.10005E+03
    11.200, -.15315E+03
    11.220, -.15645E+03
    11.240, -.75428E+02
    11.260,  .52270E+02
    11.280,  .79189E+02
    11.300,  .10810E+02
    11.320,  .16359E+02
    11.340,  .69070E+02
    11.360,  .47101E+02
    11.380,  .18770E+02
    11.400,  .37310E+02
    11.420,  .10030E+02
    11.440, -.56009E+02
    11.460, -.44410E+02
    11.480,  .43999E+02
    11.500,  .10277E+03
    11.520,  .76851E+02
    11.540,  .40570E+02
    11.560,  .93259E+02
    11.580,  .19217E+03
    11.600,  .24564E+03
    11.620,  .22299E+03
    11.640,  .12371E+03
    11.660,  .97680E+01
    11.680, -.68410E+02
    11.700, -.12137E+03
    11.720, -.15607E+03
    11.740, -.21107E+03
    11.760, -.25005E+03
    11.780, -.17038E+03
    11.800, -.69560E+02
    11.820, -.57480E+02
    11.840, -.46130E+02
    11.860, -.17661E+02
    11.880, -.65200E+01
    11.900,  .19180E+02
    11.920,  .78500E+01
    11.940, -.83568E+02
    11.960, -.20469E+03
    11.980, -.26770E+03
    12.000, -.17850E+03
    12.020, -.50491E+02
    12.040, -.44270E+02
    12.060, -.35001E+02
    12.080,  .75722E+02
    12.100,  .17879E+03
    12.120,  .19677E+03
    12.140,  .14439E+03
    12.160,  .82719E+02
    12.180,  .54400E+02
    12.200,  .75211E+02
    12.220,  .10548E+03
    12.240,  .71779E+02
    12.260,  .52410E+02
    12.280,  .84930E+02
    12.300,  .43820E+02
    12.320, -.45378E+02
    12.340, -.10791E+03
    12.360, -.18403E+03
    12.380, -.27366E+03
    12.400, -.32505E+03
    12.420, -.27545E+03
    12.440, -.17373E+03
    12.460, -.13324E+03
    12.480, -.82291E+02
    12.500,  .29271E+02
    12.520,  .86000E+02
    12.540,  .65810E+02
    12.560,  .29821E+02
    12.580, -.15911E+02
    12.600, -.84789E+02
    12.620, -.14412E+03
    12.640, -.15275E+03
    12.660, -.14453E+03
    12.680, -.13670E+03
    12.700, -.11680E+03
    12.720, -.11726E+03
    12.740, -.10105E+03
    12.760, -.42130E+02
    12.780, -.15280E+02
    12.800, -.93000E+01
    12.820,  .33700E+01
    12.840, -.12470E+02
    12.860, -.21660E+02
    12.880, -.11350E+02
    12.900, -.16030E+02
    12.920, -.12360E+02
    12.940,  .72200E+01
    12.960,  .34270E+02
    12.980,  .70450E+02
    13.000,  .74620E+02
    13.020,  .36701E+02
    13.040,  .15220E+02
    13.060,  .41660E+02
    13.080,  .70620E+02
    13.100,  .48800E+02
    13.120,  .16920E+02
    13.140,  .22440E+02
    13.160,  .18440E+02
    13.180,  .48800E+01
    13.200,  .18420E+02
    13.220,  .65600E+01
    13.240, -.21470E+02
    13.260,  .89800E+01
    13.280,  .55771E+02
    13.300,  .63070E+02
    13.320,  .56270E+02
    13.340,  .50680E+02
    13.360,  .26611E+02
    13.380, -.19010E+02
    13.400, -.44470E+02
    13.420, -.42890E+02
    13.440, -.39250E+02
    13.460, -.12580E+02
    13.480,  .12300E+02
    13.500, -.67800E+01
    13.520, -.35690E+02
    13.540, -.56130E+02
    13.560, -.53230E+02
    13.580, -.22120E+02
    13.600, -.20520E+02
    13.620, -.39970E+02
    13.640, -.31190E+02
    13.660, -.91100E+01
    13.680,  .21460E+02
    13.700,  .66251E+02
    13.720,  .11118E+03
    13.740,  .13615E+03
    13.760,  .10500E+03
    13.780,  .38549E+02
    13.800, -.14100E+01
    13.820, -.28371E+02
    13.840, -.65550E+02
    13.860, -.95199E+02
    13.880, -.12038E+03
    13.900, -.12695E+03
    13.920, -.87570E+02
    13.940, -.30231E+02
    13.960,  .13600E+01
    13.980,  .61600E+01
    14.000,  .15230E+02
    14.020,  .27170E+02
    14.040,  .15600E+02
    14.060,  .29200E+01
    14.080, -.45900E+01
    14.100, -.37040E+02
    14.120, -.62790E+02
    14.140, -.52420E+02
    14.160, -.40470E+02
    14.180, -.43700E+02
    14.200, -.51170E+02
    14.220, -.63670E+02
    14.240, -.83040E+02
    14.260, -.94690E+02
    14.280, -.89550E+02
    14.300, -.83180E+02
    14.320, -.75360E+02
    14.340, -.59870E+02
    14.360, -.52100E+02
    14.380, -.26160E+02
    14.400,  .38049E+02
    14.420,  .81960E+02
    14.440,  .87810E+02
    14.460,  .88070E+02
    14.480,  .69240E+02
    14.500,  .41240E+02
    14.520,  .40300E+02
    14.540,  .48060E+02
    14.560,  .43150E+02
    14.580,  .32200E+02
    14.600,  .11990E+02
    14.620, -.98200E+01
    14.640, -.83300E+01
    14.660, -.62900E+01
    14.680, -.47460E+02
    14.700, -.90690E+02
    14.720, -.76300E+02
    14.740, -.40139E+02
    14.760, -.31370E+02
    14.780, -.35340E+02
    14.800, -.38750E+02
    14.820, -.35410E+02
    14.840,  .19600E+01
    14.860,  .37000E+02
    14.880,  .23550E+02
    14.900,  .15630E+02
    14.920,  .16470E+02
    14.940, -.18179E+02
    14.960, -.38490E+02
    14.980, -.26940E+02
    15.000, -.28250E+02
    15.020, -.47280E+02
    15.040, -.58150E+02
    15.060, -.33331E+02
    15.080,  .98000E+00
    15.100,  .11640E+02
    15.120,  .23090E+02
    15.140,  .47600E+02
    15.160,  .71590E+02
    15.180,  .76730E+02
    15.200,  .59390E+02
    15.220,  .36610E+02
    15.240,  .28160E+02
    15.260,  .43140E+02
    15.280,  .25339E+02
    15.300, -.33820E+02
    15.320, -.46720E+02
    15.340, -.34280E+02
    15.360, -.52841E+02
    15.380, -.70170E+02
    15.400, -.68910E+02
    15.420, -.53300E+02
    15.440, -.46390E+02
    15.460, -.54960E+02
    15.480, -.39930E+02
    15.500, -.83500E+01
    15.520,  .96000E+01
    15.540,  .90600E+01
    15.560,  .77800E+01
    15.580,  .27820E+02
    15.600,  .30680E+02
    15.620,  .52000E+00
    15.640, -.83100E+01
    15.660, -.43600E+01
    15.680, -.22730E+02
    15.700, -.27880E+02
    15.720, -.16070E+02
    15.740, -.24770E+02
    15.760, -.19490E+02
    15.780,  .12700E+01
    15.800, -.19650E+02
    15.820, -.24450E+02
    15.840,  .17480E+02
    15.860,  .94890E+01
    15.880, -.29770E+02
    15.900, -.22950E+02
    15.920, -.17010E+02
    15.940, -.35850E+02
    15.960, -.31370E+02
    15.980, -.23410E+02
    16.000, -.38580E+02
    16.020, -.29450E+02
    16.040, -.76800E+01
    16.060, -.24691E+02
    16.080, -.32680E+02
    16.100, -.11300E+02
    16.120, -.22969E+02
    16.140, -.51331E+02
    16.160, -.44250E+02
    16.180, -.20220E+02
    16.200, -.13710E+01
    16.220,  .13421E+02
    16.240,  .24450E+02
    16.260,  .44870E+02
    16.280,  .65590E+02
    16.300,  .50879E+02
    16.320,  .21090E+02
    16.340,  .14670E+02
    16.360, -.47090E+01
    16.380, -.49522E+02
    16.400, -.61550E+02
    16.420, -.57160E+02
    16.440, -.84269E+02
    16.460, -.90771E+02
    16.480, -.46709E+02
    16.500, -.14580E+02
    16.520, -.22740E+02
    16.540, -.34420E+02
    16.560, -.27040E+02
    16.580, -.24700E+02
    16.600, -.25220E+02
    16.620,  .61990E+01
    16.640,  .35491E+02
    16.660,  .31610E+02
    16.680,  .33830E+02
    16.700,  .37600E+02
    16.720,  .20199E+02
    16.740,  .89800E+01
    16.760,  .10740E+02
    16.780,  .24000E+01
    16.800, -.20131E+02
    16.820, -.41460E+02
    16.840, -.52650E+02
    16.860, -.54590E+02
    16.880, -.41439E+02
    16.900, -.17509E+02
    16.920, -.31600E+01
    16.940, -.41400E+01
    16.960,  .49690E+01
    16.980,  .45501E+02
    17.000,  .77560E+02
    17.020,  .60111E+02
    17.040,  .33521E+02
    17.060,  .38480E+02
    17.080,  .52240E+02
    17.100,  .45000E+02
    17.120,  .19891E+02
    17.140, -.43100E+00
    17.160, -.17700E+02
    17.180, -.44590E+02
    17.200, -.55720E+02
    17.220, -.43420E+02
    17.240, -.42680E+02
    17.260, -.56980E+02
    17.280, -.67450E+02
    17.300, -.69930E+02
    17.320, -.56040E+02
    17.340, -.34260E+02
    17.360, -.31220E+02
    17.380, -.27599E+02
    17.400,  .10231E+02
    17.420,  .50260E+02
    17.440,  .65100E+02
    17.460,  .86599E+02
    17.480,  .11058E+03
    17.500,  .93760E+02
    17.520,  .46781E+02
    17.540,  .21500E+02
    17.560,  .27200E+02
    17.580,  .19510E+02
    17.600, -.87500E+01
    17.620, -.20960E+02
    17.640, -.12599E+02
    17.660,  .13170E+02
    17.680,  .42950E+02
    17.700,  .35281E+02
    17.720,  .80890E+01
    17.740,  .14120E+02
    17.760,  .36000E+02
    17.780,  .28951E+02
    17.800,  .16290E+01
    17.820, -.84400E+01
    17.840,  .34600E+01
    17.860,  .12210E+02
    17.880,  .65300E+01
    17.900, -.28900E+01
    17.920, -.10910E+02
    17.940, -.21060E+02
    17.960, -.24160E+02
    17.980, -.17600E+02
    18.000, -.19710E+02
    18.020, -.37740E+02
    18.040, -.47650E+02
    18.060, -.22359E+02
    18.080,  .12540E+02
    18.100,  .23620E+02
    18.120,  .36509E+02
    18.140,  .62381E+02
    18.160,  .84870E+02
    18.180,  .10744E+03
    18.200,  .11681E+03
    18.220,  .10461E+03
    18.240,  .92910E+02
    18.260,  .94490E+02
    18.280,  .10047E+03
    18.300,  .91659E+02
    18.320,  .77090E+02
    18.340,  .68190E+02
    18.360,  .41371E+02
    18.380,  .13039E+02
    18.400,  .11630E+02
    18.420,  .51700E+01
    18.440, -.20459E+02
    18.460, -.35860E+02
    18.480, -.22989E+02
    18.500,  .33700E+01
    18.520,  .83700E+01
    18.540,  .30300E+01
    18.560,  .23211E+02
    18.580,  .45070E+02
    18.600,  .40960E+02
    18.620,  .32700E+02
    18.640,  .36390E+02
    18.660,  .36810E+02
    18.680,  .19760E+02
    18.700,  .76100E+01
    18.720,  .23611E+02
    18.740,  .42030E+02
    18.760,  .33720E+02
    18.780,  .91810E+01
    18.800,  .77010E+01
    18.820,  .44931E+02
    18.840,  .68210E+02
    18.860,  .52341E+02
    18.880,  .46440E+02
    18.900,  .57250E+02
    18.920,  .54280E+02
    18.940,  .42320E+02
    18.960,  .23679E+02
    18.980,  .53000E+00
    19.000, -.68000E+01
    19.020, -.37900E+01
    19.040, -.84400E+01
    19.060, -.16860E+02
    19.080, -.19820E+02
    19.100, -.12160E+02
    19.120,  .14390E+01
    19.140,  .87500E+01
    19.160,  .12690E+02
    19.180,  .23460E+02
    19.200,  .37860E+02
    19.220,  .46820E+02
    19.240,  .48680E+02
    19.260,  .37850E+02
    19.280,  .10261E+02
    19.300, -.12700E+01
    19.320,  .22120E+02
    19.340,  .33980E+02
    19.360,  .11581E+02
    19.380, -.89710E+01
    19.400, -.70000E+01
    19.420,  .33200E+01
    19.440,  .10350E+02
    19.460,  .21430E+02
    19.480,  .27220E+02
    19.500,  .15710E+02
    19.520,  .12520E+02
    19.540,  .22690E+02
    19.560,  .28440E+02
    19.580,  .30710E+02
    19.600,  .16060E+02
    19.620, -.10059E+02
    19.640, -.17580E+02
    19.660, -.19190E+02
    19.680, -.21660E+02
    19.700, -.88900E+01
    19.720, -.15300E+01
    19.740, -.60900E+01
    19.760, -.32100E+01
    19.780, -.55200E+01
    19.800, -.58100E+01
    19.820,  .13630E+02
    19.840,  .12530E+02
    19.860, -.12579E+02
    19.880, -.90690E+01
    19.900,  .15430E+02
    19.920,  .30320E+02
    19.940,  .42080E+02
    19.960,  .52980E+02
    19.980,  .62040E+02
    20.000,  .76350E+02
    20.020,  .85930E+02
    20.040,  .75991E+02
    20.060,  .64470E+02
    20.080,  .59360E+02
    20.100,  .33961E+02
    20.120,  .85710E+01
    20.140,  .72000E+01
    20.160, -.68800E+01
    20.180, -.27020E+02
    20.200, -.28750E+02
    20.220, -.38190E+02
    20.240, -.42690E+02
    20.260, -.24420E+02
    20.280, -.16550E+02
    20.300, -.15690E+02
    20.320, -.31600E+01
    20.340, -.12800E+01
    20.360, -.56900E+01
    20.380,  .91010E+01
    20.400,  .21290E+02
    20.420,  .16920E+02
    20.440,  .23600E+02
    20.460,  .30080E+02
    20.480,  .15010E+02
    20.500,  .10470E+02
    20.520,  .19900E+02
    20.540,  .92510E+01
    20.560, -.95100E+01
    20.580, -.12330E+02
    20.600, -.75800E+01
    20.620, -.46300E+01
    20.640,  .49000E+00
    20.660,  .12620E+02
    20.680,  .25450E+02
    20.700,  .32270E+02
    20.720,  .43350E+02
    20.740,  .60160E+02
    20.760,  .56550E+02
    20.780,  .28411E+02
    20.800,  .13550E+02
    20.820,  .17100E+02
    20.840, -.20900E+01
    20.860, -.42059E+02
    20.880, -.54970E+02
    20.900, -.37690E+02
    20.920, -.32960E+02
    20.940, -.44420E+02
    20.960, -.41590E+02
    20.980, -.34140E+02
    21.000, -.46040E+02
    21.020, -.61900E+02
    21.040, -.58371E+02
    21.060, -.40170E+02
    21.080, -.30120E+02
    21.100, -.27080E+02
    21.120, -.54810E+01
    21.140,  .25781E+02
    21.160,  .39430E+02
    21.180,  .42550E+02
    21.200,  .49510E+02
    21.220,  .58100E+02
    21.240,  .63670E+02
    21.260,  .58120E+02
    21.280,  .36791E+02
    21.300,  .18120E+02
    21.320,  .18230E+02
    21.340,  .14770E+02
    21.360, -.38390E+01
    21.380, -.99800E+01
    21.400, -.83400E+01
    21.420, -.22630E+02
    21.440, -.36700E+02
    21.460, -.44210E+02
    21.480, -.54420E+02
    21.500, -.57850E+02
    21.520, -.55460E+02
    21.540, -.45381E+02
    21.560, -.27980E+02
    21.580, -.26950E+02
    21.600, -.26480E+02
    21.620, -.12210E+01
    21.640,  .19630E+02
    21.660,  .23300E+02
    21.680,  .28590E+02
    21.700,  .23711E+02
    21.720, -.49910E+01
    21.740, -.26670E+02
    21.760, -.25410E+02
    21.780, -.33660E+02
    21.800, -.47490E+02
    21.820, -.42380E+02
    21.840, -.41370E+02
    21.860, -.46340E+02
    21.880, -.36709E+02
    21.900, -.23530E+02
    21.920, -.98700E+01
    21.940,  .29700E+01
    21.960,  .10900E+01
    21.980, -.32900E+01
    22.000,  .51600E+01
    22.020,  .87100E+01
    22.040, -.18100E+01
    22.060, -.14000E+00
    22.080,  .12620E+02
    22.100,  .15600E+01
    22.120, -.20069E+02
    22.140, -.14710E+02
    22.160, -.18300E+01
    22.180, -.18930E+02
    22.200, -.44899E+02
    22.220, -.37739E+02
    22.240, -.63000E+01
    22.260,  .13360E+02
    22.280,  .87400E+01
    22.300,  .28500E+01
    22.320,  .14230E+02
    22.340,  .16690E+02
    22.360,  .74100E+00
    22.380, -.67100E+01
    22.400, -.13090E+02
    22.420, -.35960E+02
    22.440, -.49110E+02
    22.460, -.21118E+02
    22.480,  .17931E+02
    22.500,  .17010E+02
    22.520,  .35900E+01
    22.540,  .16461E+02
    22.560,  .28690E+02
    22.580,  .23710E+02
    22.600,  .10030E+02
    22.620, -.75990E+01
    22.640, -.23880E+02
    22.660, -.40480E+02
    22.680, -.47230E+02
    22.700, -.41670E+02
    22.720, -.39370E+02
    22.740, -.29240E+02
    22.760, -.11350E+02
    22.780, -.99400E+01
    22.800, -.16700E+02
    22.820, -.15010E+02
    22.840, -.29100E+01
    22.860,  .21039E+02
    22.880,  .40460E+02
    22.900,  .36490E+02
    22.920,  .23590E+02
    22.940,  .25180E+02
    22.960,  .33380E+02
    22.980,  .30140E+02
    23.000,  .15700E+02
    23.020, -.65290E+01
    23.040, -.22860E+02
    23.060, -.19220E+02
    23.080, -.13720E+02
    23.100, -.13740E+02
    23.120, -.62900E+01
    23.140, -.19700E+01
    23.160, -.21700E+01
    23.180,  .79100E+01
    23.200,  .13540E+02
    23.220,  .54900E+00
    23.240, -.12250E+02
    23.260, -.16270E+02
    23.280, -.25400E+02
    23.300, -.28790E+02
    23.320, -.94100E+01
    23.340,  .48800E+01
    23.360, -.80690E+01
    23.380, -.21440E+02
    23.400, -.16420E+02
    23.420, -.10190E+02
    23.440, -.14790E+02
    23.460, -.16940E+02
    23.480, -.61000E+01
    23.500,  .57200E+01
    23.520,  .43400E+01
    23.540, -.34700E+01
    23.560,  .11800E+01
    23.580,  .14970E+02
    23.600,  .13670E+02
    23.620,  .39400E+01
    23.640,  .14240E+02
    23.660,  .31170E+02
    23.680,  .29450E+02
    23.700,  .30180E+02
    23.720,  .48581E+02
    23.740,  .56940E+02
    23.760,  .41330E+02
    23.780,  .23231E+02
    23.800,  .20610E+02
    23.820,  .19740E+02
    23.840,  .21200E+01
    23.860, -.16899E+02
    23.880, -.25500E+02
    23.900, -.39890E+02
    23.920, -.54970E+02
    23.940, -.50430E+02
    23.960, -.38090E+02
    23.980, -.36610E+02
    24.000, -.32110E+02
    24.020, -.13131E+02
    24.040,  .15800E+01
    24.060,  .59300E+01
    24.080,  .10870E+02
    24.100,  .13780E+02
    24.120,  .17210E+02
    24.140,  .23090E+02
    24.160,  .19830E+02
    24.180,  .16630E+02
    24.200,  .21380E+02
    24.220,  .16110E+02
    24.240,  .78100E+01
    24.260,  .11490E+02
    24.280,  .10110E+02
    24.300,  .27300E+01
    24.320,  .11900E+01
    24.340, -.54400E+01
    24.360, -.15990E+02
    24.380, -.18470E+02
    24.400, -.19100E+02
    24.420, -.22780E+02
    24.440, -.21570E+02
    24.460, -.10029E+02
    24.480,  .47300E+01
    24.500,  .12560E+02
    24.520,  .12820E+02
    24.540,  .15170E+02
    24.560,  .25020E+02
    24.580,  .26770E+02
    24.600,  .14930E+02
    24.620,  .66800E+01
    24.640,  .12100E+01
    24.660, -.22500E+01
    24.680,  .36600E+01
    24.700,  .26000E+01
    24.720, -.52000E+01
    24.740, -.28900E+01
    24.760, -.65700E+01
    24.780, -.19630E+02
    24.800, -.16190E+02
    24.820, -.26400E+01
    24.840, -.19400E+01
    24.860, -.63400E+01
    24.880,  .17500E+01
    24.900,  .16450E+02
    24.920,  .18840E+02
    24.940,  .10470E+02
    24.960,  .56700E+01
    24.980,  .42000E+01
    25.000, -.64000E+00
    25.020, -.14020E+02
    25.040, -.25530E+02
    25.060, -.17590E+02
    25.080, -.75200E+01
    25.100, -.84700E+01
    25.120, -.24300E+01
    25.140,  .52700E+01
    25.160,  .23600E+01
    25.180,  .57000E+00
    25.200,  .65200E+01
    25.220,  .10300E+02
    25.240,  .12600E+01
    25.260, -.93600E+01
    25.280, -.66400E+01
    25.300,  .27400E+01
    25.320,  .12490E+02
    25.340,  .16740E+02
    25.360,  .13650E+02
    25.380,  .19860E+02
    25.400,  .34640E+02
    25.420,  .36790E+02
    25.440,  .25560E+02
    25.460,  .13270E+02
    25.480,  .18000E+01
    25.500, -.71900E+01
    25.520, -.96700E+01
    25.540, -.14230E+02
    25.560, -.27670E+02
    25.580, -.37190E+02
    25.600, -.35570E+02
    25.620, -.35670E+02
    25.640, -.39270E+02
    25.660, -.33540E+02
    25.680, -.25540E+02
    25.700, -.24400E+02
    25.720, -.15680E+02
    25.740,  .19600E+01
    25.760,  .11500E+02
    25.780,  .13040E+02
    25.800,  .19140E+02
    25.820,  .27300E+02
    25.840,  .22520E+02
    25.860,  .82200E+01
    25.880,  .62000E+00
    25.900,  .32000E+00
    25.920,  .35000E+00
    25.940, -.42300E+01
    25.960, -.81900E+01
    25.980,  .87000E+00
    26.000,  .11680E+02
    26.020,  .12100E+02
    26.040,  .17210E+02
    26.060,  .23970E+02
    26.080,  .14750E+02
    26.100,  .49400E+01
    26.120,  .58500E+01
    26.140, -.19100E+01
    26.160, -.16800E+02
    26.180, -.20180E+02
    26.200, -.18100E+02
    26.220, -.17000E+02
    26.240, -.62300E+01
    26.260,  .69400E+01
    26.280,  .40500E+01
    26.300, -.30300E+01
    26.320, -.18500E+01
    26.340, -.89000E+01
    26.360, -.20440E+02
    26.380, -.18680E+02
    26.400, -.15840E+02
    26.420, -.20300E+02
    26.440, -.20480E+02
    26.460, -.16230E+02
    26.480, -.16040E+02
    26.500, -.14990E+02
    26.520, -.36200E+01
    26.540,  .74600E+01
    26.560,  .10030E+02
    26.580,  .15320E+02
    26.600,  .23210E+02
    26.620,  .30350E+02
    26.640,  .40670E+02
    26.660,  .46310E+02
    26.680,  .42570E+02
    26.700,  .35450E+02
    26.720,  .27440E+02
    26.740,  .14290E+02
    26.760, -.59200E+01
    26.780, -.19380E+02
    26.800, -.22090E+02
    26.820, -.29340E+02
    26.840, -.36120E+02
    26.860, -.30020E+02
    26.880, -.18710E+02
    26.900, -.86700E+01
    26.920,  .30000E-01
    26.940,  .50200E+01
    26.960,  .61100E+01
    26.980,  .57800E+01
    27.000,  .39400E+01
    27.020, -.50000E-01
    27.040, -.29000E+00
    27.060,  .45100E+01
    27.080,  .70100E+01
    27.100,  .77200E+01
    27.120,  .98800E+01
    27.140,  .11870E+02
    27.160,  .13860E+02
    27.180,  .14520E+02
    27.200,  .92800E+01
    27.220,  .42900E+01
    27.240,  .11020E+02
    27.260,  .14830E+02
    27.280,  .38200E+01
    27.300,  .76000E+00
    27.320,  .57700E+01
    27.340,  .11600E+01
    27.360, -.20400E+01
    27.380, -.19000E+00
    27.400, -.28900E+01
    27.420, -.94900E+01
    27.440, -.12550E+02
    27.460, -.56400E+01
    27.480,  .20000E+01
    27.500,  .65800E+01
    27.520,  .13460E+02
    27.540,  .17030E+02
    27.560,  .18950E+02
    27.580,  .18760E+02
    27.600,  .14720E+02
    27.620,  .15100E+02
    27.640,  .11760E+02
    27.660,  .17100E+01
    27.680, -.49500E+01
    27.700, -.10480E+02
    27.720, -.10490E+02
    27.740,  .16900E+01
    27.760,  .17490E+02
    27.780,  .24930E+02
    27.800,  .23040E+02
    27.820,  .21270E+02
    27.840,  .17590E+02
    27.860,  .96600E+01
    27.880,  .61200E+01
    27.900,  .97000E+00
    27.920, -.94700E+01
    27.940, -.13120E+02
    27.960, -.12240E+02
    27.980, -.14420E+02
    28.000, -.14480E+02
    28.020, -.12750E+02
    28.040, -.12470E+02
    28.060, -.97200E+01
    28.080, -.80100E+01
    28.100, -.80900E+01
    28.120, -.27200E+01
    28.140,  .28800E+01
    28.160,  .54900E+01
    28.180,  .86900E+01
    28.200,  .11270E+02
    28.220,  .18760E+02
    28.240,  .29400E+02
    28.260,  .27510E+02
    28.280,  .15070E+02
    28.300,  .12260E+02
    28.320,  .20480E+02
    28.340,  .21900E+02
    28.360,  .19380E+02
    28.380,  .19860E+02
    28.400,  .11810E+02
    28.420,  .58700E+01
    28.440,  .14500E+02
    28.460,  .18200E+02
    28.480,  .11810E+02
    28.500,  .51600E+01
    28.520, -.44400E+01
    28.540, -.14100E+02
    28.560, -.19150E+02
    28.580, -.21740E+02
    28.600, -.20680E+02
    28.620, -.17360E+02
    28.640, -.14600E+02
    28.660, -.12630E+02
    28.680, -.13820E+02
    28.700, -.14050E+02
    28.720, -.74900E+01
    28.740, -.67000E+00
    28.760, -.14100E+01
    28.780, -.64600E+01
    28.800, -.69700E+01
    28.820, -.36600E+01
    28.840, -.80000E+00
    28.860,  .72600E+01
    28.880,  .14250E+02
    28.900,  .10200E+02
    28.920,  .74100E+01
    28.940,  .11920E+02
    28.960,  .14860E+02
    28.980,  .11410E+02
    29.000,  .34900E+01
    29.020,  .15000E+01
    29.040,  .61500E+01
    29.060,  .78100E+01
    29.080,  .95200E+01
    29.100,  .13920E+02
    29.120,  .15290E+02
    29.140,  .13680E+02
    29.160,  .14360E+02
    29.180,  .15380E+02
    29.200,  .49490E+01
    29.220, -.11360E+02
    29.240, -.14210E+02
    29.260, -.13440E+02
    29.280, -.21920E+02
    29.300, -.22590E+02
    29.320, -.15150E+02
    29.340, -.17020E+02
    29.360, -.20870E+02
    29.380, -.19600E+02
    29.400, -.20650E+02
    29.420, -.21910E+02
    29.440, -.21750E+02
    29.460, -.21400E+02
    29.480, -.12700E+02
    29.500,  .12000E+00
    29.520, -.44000E+00
    29.540, -.54400E+01
    29.560,  .45300E+01
    29.580,  .13870E+02
    29.600,  .72200E+01
    29.620, -.16600E+01
    29.640, -.65200E+01
    29.660, -.97600E+01
    29.680, -.92200E+01
    29.700, -.62600E+01
    29.720, -.30900E+01
    29.740, -.52600E+01
    29.760, -.10840E+02
    29.780, -.62200E+01
    29.800,  .31900E+01
    29.820,  .71000E+00
    29.840, -.80200E+01
    29.860, -.10560E+02
    29.880, -.12250E+02
    29.900, -.17750E+02
    29.920, -.20230E+02
    29.940, -.21290E+02
    29.960, -.24430E+02
    29.980, -.21540E+02
    30.000, -.12450E+02
    30.020, -.71900E+01
    30.040, -.71500E+01
    30.060, -.87700E+01
    30.080, -.10060E+02
    30.100, -.65600E+01
    30.120, -.28300E+01
    30.140, -.10150E+02
    30.160, -.19700E+02
    30.180, -.16140E+02
    30.200, -.50100E+01
    30.220, -.11700E+01
    30.240, -.91500E+01
    30.260, -.16550E+02
    30.280, -.14450E+02
    30.300, -.11600E+02
    30.320, -.11940E+02
    30.340, -.13020E+02
    30.360, -.15400E+02
    30.380, -.15390E+02
    30.400, -.10430E+02
    30.420, -.28500E+01
    30.440,  .13300E+01
    30.460, -.25700E+01
    30.480, -.89900E+01
    30.500, -.13820E+02
    30.520, -.18420E+02
    30.540, -.20700E+02
    30.560, -.21000E+02
    30.580, -.19260E+02
    30.600, -.13090E+02
    30.620, -.72700E+01
    30.640, -.20000E+01
    30.660,  .10700E+02
    30.680,  .23500E+02
    30.700,  .21420E+02
    30.720,  .12780E+02
    30.740,  .11010E+02
    30.760,  .33900E+01
    30.780, -.14819E+02
    30.800, -.20700E+02
    30.820, -.14140E+02
    30.840, -.14900E+02
    30.860, -.18100E+02
    30.880, -.15580E+02
    30.900, -.11860E+02
    30.920, -.10020E+02
    30.940, -.13930E+02
    30.960, -.18450E+02
    30.980, -.17340E+02
    31.000, -.18330E+02
    31.020, -.19050E+02
    31.040, -.11540E+02
    31.060, -.65700E+01
    31.080, -.12450E+02
    31.100, -.17280E+02
    31.120, -.13550E+02
    31.140, -.12560E+02
    31.160, -.16960E+02
    31.180, -.16700E+02
    31.200, -.14620E+02
    31.220, -.11410E+02
    31.240, -.17000E+01
    31.260,  .67100E+01
    31.280,  .14680E+02
    31.300,  .25290E+02
    31.320,  .24970E+02
    31.340,  .17920E+02
    31.360,  .17340E+02
    31.380,  .15340E+02
    31.400,  .60000E+01
    31.420, -.40200E+01
    31.440, -.82800E+01
    31.460, -.12020E+02
    31.480, -.18550E+02
    31.500, -.12900E+02
    31.520, -.17900E+01
    31.540, -.47400E+01
    31.560, -.78600E+01
    31.580, -.25000E+01
    31.600, -.10400E+01
    31.620, -.56600E+01
    31.640, -.10260E+02
    31.660, -.10820E+02
    31.680, -.13230E+02
    31.700, -.17010E+02
    31.720, -.14570E+02
    31.740, -.14570E+02
    31.760, -.18160E+02
    31.780, -.18080E+02
    31.800, -.17690E+02
    31.820, -.13990E+02
    31.840, -.64900E+01
    31.860, -.23000E+01
    31.880,  .80000E+00
    31.900,  .82200E+01
    31.920,  .16210E+02
    31.940,  .13720E+02
    31.960,  .29700E+01
    31.980, -.11200E+01
    32.000,  .10700E+01
    32.020, -.24100E+01
    32.040, -.11080E+02
    32.060, -.13990E+02
    32.080, -.93690E+01
    32.100, -.30400E+01
    32.120,  .26000E+00
    32.140, -.13200E+01
    32.160,  .17600E+01
    32.180,  .80600E+01
    32.200,  .52500E+01
    32.220,  .50400E+01
    32.240,  .97700E+01
    32.260,  .74900E+00
    32.280, -.13561E+02
    32.300, -.15300E+02
    32.320, -.13810E+02
    32.340, -.22480E+02
    32.360, -.27760E+02
    32.380, -.19081E+02
    32.400, -.15100E+02
    32.420, -.15330E+02
    32.440, -.53890E+01
    32.460, -.80000E-01
    32.480, -.50300E+01
    32.500, -.79600E+01
    32.520, -.80900E+01
    32.540, -.67300E+01
    32.560, -.95300E+01
    32.580, -.18221E+02
    32.600, -.18260E+02
    32.620, -.76800E+01
    32.640, -.19800E+01
    32.660, -.66900E+01
    32.680, -.10610E+02
    32.700, -.60900E+01
    32.720, -.31900E+01
    32.740, -.52100E+01
    32.760, -.20000E+01
    32.780,  .33900E+01
    32.800,  .42300E+01
    32.820,  .48700E+01
    32.840,  .68000E+01
    32.860,  .50300E+01
    32.880, -.15600E+01
    32.900, -.54500E+01
    32.920, -.53100E+01
    32.940, -.95200E+01
    32.960, -.17240E+02
    32.980, -.22360E+02
    33.000, -.21370E+02
    33.020, -.14310E+02
    33.040, -.93300E+01
    33.060, -.59500E+01
    33.080,  .22010E+01
    33.100,  .66700E+01
    33.120,  .17600E+01
    33.140, -.20600E+01
    33.160, -.58000E+00
    33.180, -.55900E+01
    33.200, -.18209E+02
    33.220, -.21080E+02
    33.240, -.12939E+02
    33.260, -.95200E+01
    33.280, -.12500E+02
    33.300, -.13200E+02
    33.320, -.93600E+01
    33.340, -.53200E+01
    33.360, -.56100E+01
    33.380, -.10590E+02
    33.400, -.15200E+02
    33.420, -.15500E+02
    33.440, -.15470E+02
    33.460, -.14420E+02
    33.480, -.76700E+01
    33.500, -.24200E+01
    33.520, -.19700E+01
    33.540,  .36000E+00
    33.560,  .44500E+01
    33.580,  .71400E+01
    33.600,  .73900E+01
    33.620,  .71000E+01
    33.640,  .79600E+01
    33.660,  .52000E+01
    33.680,  .36000E+00
    33.700, -.45000E+00
    33.720,  .26100E+01
    33.740,  .75500E+01
    33.760,  .62200E+01
    33.780, -.97000E+00
    33.800, -.24800E+01
    33.820, -.42700E+01
    33.840, -.88200E+01
    33.860, -.60900E+01
    33.880, -.31900E+01
    33.900, -.74090E+01
    33.920, -.12230E+02
    33.940, -.73300E+01
    33.960,  .48900E+01
    33.980,  .29600E+01
    34.000, -.89400E+01
    34.020, -.93100E+01
    34.040, -.84300E+01
    34.060, -.15809E+02
    34.080, -.20150E+02
    34.100, -.17350E+02
    34.120, -.14530E+02
    34.140, -.13950E+02
    34.160, -.48200E+01
    34.180,  .88400E+01
    34.200,  .98400E+01
    34.220,  .51000E+01
    34.240,  .56400E+01
    34.260,  .64600E+01
    34.280,  .34900E+01
    34.300, -.23200E+01
    34.320, -.40600E+01
    34.340,  .16700E+01
    34.360,  .62300E+01
    34.380,  .71100E+01
    34.400,  .12169E+02
    34.420,  .21831E+02
    34.440,  .26030E+02
    34.460,  .18880E+02
    34.480,  .10390E+02
    34.500,  .87400E+01
    34.520,  .10000E+01
    34.540, -.13279E+02
    34.560, -.13330E+02
    34.580, -.51390E+01
    34.600, -.62000E+01
    34.620, -.96600E+01
    34.640, -.72400E+01
    34.660, -.22200E+01
    34.680, -.14200E+01
    34.700, -.31700E+01
    34.720, -.10700E+01
    34.740, -.96000E+00
    34.760, -.13900E+01
    34.780,  .42900E+01
    34.800,  .81500E+01
    34.820,  .90400E+01
    34.840,  .10040E+02
    34.860,  .86500E+01
    34.880,  .69600E+01
    34.900,  .25310E+01
    34.920, -.60410E+01
    34.940, -.11950E+02
    34.960, -.11020E+02
    34.980, -.27800E+01
    35.000,  .39700E+01
    35.020,  .50400E+01
    35.040,  .11900E+02
    35.060,  .18550E+02
    35.080,  .14930E+02
    35.100,  .13440E+02
    35.120,  .13100E+02
    35.140,  .83200E+01
    35.160,  .75700E+01
    35.180,  .39600E+01
    35.200, -.25100E+01
    35.220,  .18290E+01
    35.240,  .92010E+01
    35.260,  .12910E+02
    35.280,  .17720E+02
    35.300,  .20330E+02
    35.320,  .17240E+02
    35.340,  .13570E+02
    35.360,  .15530E+02
    35.380,  .14570E+02
    35.400,  .53010E+01
    35.420,  .70000E+00
    35.440,  .34000E+00
    35.460, -.29200E+01
    35.480, -.51600E+01
    35.500, -.68400E+01
    35.520, -.72500E+01
    35.540, -.54000E+01
    35.560, -.35700E+01
    35.580,  .13200E+01
    35.600,  .65900E+01
    35.620,  .77600E+01
    35.640,  .10810E+02
    35.660,  .19380E+02
    35.680,  .27290E+02
    35.700,  .25050E+02
    35.720,  .15151E+02
    35.740,  .12830E+02
    35.760,  .13810E+02
    35.780,  .30590E+01
    35.800, -.59800E+01
    35.820, -.22900E+01
    35.840,  .40000E+00
    35.860, -.18000E+00
    35.880,  .12800E+01
    35.900,  .42900E+01
    35.920,  .10090E+02
    35.940,  .16090E+02
    35.960,  .19720E+02
    35.980,  .20040E+02
    36.000,  .18040E+02
    36.020,  .15360E+02
    36.040,  .84800E+01
    36.060,  .45800E+01
    36.080,  .87500E+01
    36.100,  .95600E+01
    36.120,  .84100E+01
    36.140,  .12070E+02
    36.160,  .15510E+02
    36.180,  .16580E+02
    36.200,  .18030E+02
    36.220,  .19120E+02
    36.240,  .11809E+02
    36.260, -.38100E+00
    36.280, -.16000E+01
    36.300,  .78000E+00
    36.320, -.71600E+01
    36.340, -.13200E+02
    36.360, -.78600E+01
    36.380, -.22300E+01
    36.400, -.73000E+00
    36.420,  .99000E+00
    36.440, -.50000E+00
    36.460, -.23700E+01
    36.480,  .42200E+01
    36.500,  .12840E+02
    36.520,  .14830E+02
    36.540,  .13530E+02
    36.560,  .13950E+02
    36.580,  .16440E+02
    36.600,  .18190E+02
    36.620,  .15840E+02
    36.640,  .87500E+01
    36.660,  .29900E+01
    36.680,  .10900E+01
    36.700, -.16300E+01
    36.720, -.18700E+01
    36.740,  .18700E+01
    36.760,  .53100E+01
    36.780,  .12510E+02
    36.800,  .21780E+02
    36.820,  .25820E+02
    36.840,  .26130E+02
    36.860,  .23680E+02
    36.880,  .18560E+02
    36.900,  .13740E+02
    36.920,  .11370E+02
    36.940,  .91100E+01
    36.960,  .37000E+00
    36.980, -.74700E+01
    37.000, -.35200E+01
    37.020,  .70000E+00
    37.040, -.29100E+01
    37.060, -.45000E+01
    37.080, -.19000E+00
    37.100,  .36300E+01
    37.120,  .90000E+00
    37.140, -.42600E+01
    37.160, -.50800E+01
    37.180, -.41800E+01
    37.200, -.10000E+01
    37.220,  .64290E+01
    37.240,  .12170E+02
    37.260,  .13060E+02
    37.280,  .14060E+02
    37.300,  .20460E+02
    37.320,  .25870E+02
    37.340,  .23580E+02
    37.360,  .20030E+02
    37.380,  .18620E+02
    37.400,  .18620E+02
    37.420,  .18600E+02
    37.440,  .15120E+02
    37.460,  .13510E+02
    37.480,  .15220E+02
    37.500,  .14280E+02
    37.520,  .11390E+02
    37.540,  .79200E+01
    37.560,  .39700E+01
    37.580, -.13300E+01
    37.600, -.63400E+01
    37.620, -.54100E+01
    37.640, -.13900E+01
    37.660,  .19800E+01
    37.680,  .69400E+01
    37.700,  .14030E+02
    37.720,  .20560E+02
    37.740,  .20910E+02
    37.760,  .17220E+02
    37.780,  .15310E+02
    37.800,  .10790E+02
    37.820,  .34100E+01
    37.840, -.12400E+01
    37.860, -.37500E+01
    37.880, -.22700E+01
    37.900,  .67310E+01
    37.920,  .16281E+02
    37.940,  .17870E+02
    37.960,  .14980E+02
    37.980,  .14300E+02
    38.000,  .14290E+02
    38.020,  .99800E+01
    38.040,  .20700E+01
    38.060, -.25200E+01
    38.080,  .75000E+00
    38.100,  .74900E+01
    38.120,  .11890E+02
    38.140,  .17980E+02
    38.160,  .27530E+02
    38.180,  .31810E+02
    38.200,  .30260E+02
    38.220,  .26820E+02
    38.240,  .20539E+02
    38.260,  .15030E+02
    38.280,  .11120E+02
    38.300,  .65000E+01
    38.320,  .31300E+01
    38.340,  .30300E+01
    38.360,  .59200E+01
    38.380,  .76100E+01
    38.400,  .82100E+01
    38.420,  .89300E+01
    38.440,  .55400E+01
    38.460,  .12900E+01
    38.480, -.22000E+00
    38.500,  .42000E+00
    38.520,  .41100E+01
    38.540,  .79300E+01
    38.560,  .10830E+02
    38.580,  .13220E+02
    38.600,  .16500E+02
    38.620,  .20260E+02
    38.640,  .16970E+02
    38.660,  .87100E+01
    38.680,  .41000E+00
    38.700, -.69400E+01
    38.720, -.69600E+01
    38.740, -.39100E+01
    38.760, -.41600E+01
    38.780, -.17300E+01
    38.800,  .53900E+01
    38.820,  .99900E+01
    38.840,  .76500E+01
    38.860,  .59700E+01
    38.880,  .60400E+01
    38.900,  .73900E+00
    38.920, -.39200E+01
    38.940, -.43800E+01
    38.960, -.23100E+01
    38.980,  .39100E+01
    39.000,  .98200E+01
    39.020,  .14760E+02
    39.040,  .19530E+02
    39.060,  .20810E+02
    39.080,  .19640E+02
    39.100,  .15950E+02
    39.120,  .10730E+02
    39.140,  .83700E+01
    39.160,  .70400E+01
    39.180,  .21000E+01
    39.200, -.30700E+01
    39.220, -.35400E+01
    39.240, -.43600E+01
    39.260, -.71600E+01
    39.280, -.78500E+01
    39.300, -.10240E+02
    39.320, -.11230E+02
    39.340, -.30800E+01
    39.360,  .29900E+01
    39.380, -.42000E+00
    39.400, -.46000E+00
    39.420,  .53200E+01
    39.440,  .82300E+01
    39.460,  .71200E+01
    39.480,  .30600E+01
    39.500, -.95000E+00
    39.520, -.58300E+01
    39.540, -.11680E+02
    39.560, -.11640E+02
    39.580, -.12580E+02
    39.600, -.16590E+02
    39.620, -.14050E+02
    39.640, -.88300E+01
    39.660, -.21400E+01
    39.680,  .36900E+01
    39.700,  .52700E+01
    39.720,  .84100E+01
    39.740,  .10920E+02
    39.760,  .17530E+02
    39.780,  .22500E+02
    39.800,  .90000E+01
    39.820, -.21600E+01
    39.840,  .33700E+01
    39.860,  .11520E+02
    39.880,  .13860E+02
    39.900,  .47690E+01
    39.920, -.48600E+01
    39.940, -.35100E+01
    39.960,  .14800E+01
    39.980,  .11600E+01
    40.000, -.98200E+01
    40.020, -.17740E+02
    40.040, -.12900E+02
    40.060, -.10320E+02
    40.080, -.14450E+02
    40.100, -.18930E+02
    40.120, -.17240E+02
    40.140, -.93000E+01
    40.160, -.61600E+01
    40.180, -.88700E+01
    40.200, -.12370E+02
    40.220, -.10230E+02
    40.240,  .64100E+00
    40.260,  .70700E+01
    40.280,  .65000E+01
    40.300,  .89300E+01
    40.320,  .13660E+02
    40.340,  .19120E+02
    40.360,  .20620E+02
    40.380,  .10881E+02
    40.400, -.35100E+00
    40.420, -.40900E+01
    40.440, -.84500E+01
    40.460, -.13260E+02
    40.480, -.12290E+02
    40.500, -.10710E+02
    40.520, -.91100E+01
    40.540, -.43000E+01
    40.560,  .78000E+00
    40.580,  .59200E+01
    40.600,  .93800E+01
    40.620,  .76400E+01
    40.640,  .46000E+01
    40.660,  .46700E+01
    40.680,  .39300E+01
    40.700,  .63000E+00
    40.720,  .30000E-01
    40.740, -.10700E+01
    40.760, -.47400E+01
    40.780, -.45500E+01
    40.800, -.37200E+01
    40.820, -.25500E+01
    40.840,  .15000E+01
    40.860, -.12000E+00
    40.880, -.48300E+01
    40.900, -.66800E+01
    40.920, -.98400E+01
    40.940, -.80800E+01
    40.960,  .13000E+00
    40.980,  .16500E+01
    41.000, -.22700E+01
    41.020, -.19000E+01
    41.040,  .11100E+01
    41.060,  .41700E+01
    41.080,  .52900E+01
    41.100,  .98000E+00
    41.120, -.33600E+01
    41.140, -.20700E+01
    41.160,  .34000E+00
    41.180,  .11500E+01
    41.200,  .55300E+01
    41.220,  .13309E+02
    41.240,  .14540E+02
    41.260,  .97600E+01
    41.280,  .81100E+01
    41.300,  .53600E+01
    41.320, -.18600E+01
    41.340, -.79300E+01
    41.360, -.12600E+02
    41.380, -.14040E+02
    41.400, -.91790E+01
    41.420, -.73900E+00
    41.440,  .71500E+01
    41.460,  .90300E+01
    41.480,  .87000E+01
    41.500,  .14730E+02
    41.520,  .20630E+02
    41.540,  .18950E+02
    41.560,  .10851E+02
    41.580,  .17490E+01
    41.600, -.19900E+01
    41.620, -.84100E+01
    41.640, -.16060E+02
    41.660, -.78600E+01
    41.680,  .19300E+01
    41.700, -.44590E+01
    41.720, -.11530E+02
    41.740, -.86700E+01
    41.760, -.31900E+01
    41.780, -.35600E+01
    41.800, -.75800E+01
    41.820, -.92200E+01
    41.840, -.10040E+02
    41.860, -.46800E+01
    41.880,  .64690E+01
    41.900,  .11970E+02
    41.920,  .14480E+02
    41.940,  .17040E+02
    41.960,  .15490E+02
    41.980,  .89900E+01
    42.000,  .79000E+00
    42.020, -.36700E+01
    42.040, -.82500E+01
    42.060, -.11350E+02
    42.080, -.58990E+01
    42.100,  .24000E+00
    42.120,  .61700E+01
    42.140,  .13830E+02
    42.160,  .14570E+02
    42.180,  .11150E+02
    42.200,  .74100E+01
    42.220, -.12990E+01
    42.240, -.11591E+02
    42.260, -.16990E+02
    42.280, -.17800E+02
    42.300, -.15110E+02
    42.320, -.66100E+01
    42.340,  .68700E+01
    42.360,  .19869E+02
    42.380,  .26010E+02
    42.400,  .21359E+02
    42.420,  .72490E+01
    42.440, -.10781E+02
    42.460, -.22170E+02
    42.480, -.24190E+02
    42.500, -.25470E+02
    42.520, -.25690E+02
    42.540, -.21450E+02
    42.560, -.13671E+02
    42.580, -.36590E+01
    42.600,  .14000E+01
    42.620, -.65000E+00
    42.640, -.56500E+01
    42.660, -.11040E+02
    42.680, -.11610E+02
    42.700, -.69900E+01
    42.720, -.65100E+00
    42.740,  .76810E+01
    42.760,  .17531E+02
    42.780,  .24490E+02
    42.800,  .21170E+02
    42.820,  .99000E+01
    42.840,  .21000E+01
    42.860, -.30000E+01
    42.880, -.10540E+02
    42.900, -.12650E+02
    42.920, -.75900E+01
    42.940, -.71300E+01
    42.960, -.10940E+02
    42.980, -.10360E+02
    43.000, -.70700E+01
    43.020, -.79600E+01
    43.040, -.15719E+02
    43.060, -.21100E+02
    43.080, -.18870E+02
    43.100, -.17930E+02
    43.120, -.16990E+02
    43.140, -.11280E+02
    43.160, -.61900E+01
    43.180, -.37200E+01
    43.200, -.26500E+01
    43.220, -.23100E+01
    43.240, -.37400E+01
    43.260, -.64800E+01
    43.280, -.69800E+01
    43.300, -.55300E+01
    43.320, -.25500E+01
    43.340, -.29300E+01
    43.360, -.80800E+01
    43.380, -.67900E+01
    43.400, -.32900E+01
    43.420, -.72500E+01
    43.440, -.10400E+02
    43.460, -.96600E+01
    43.480, -.90000E+01
    43.500, -.68700E+01
    43.520, -.29600E+01
    43.540, -.77000E+00
    43.560, -.13200E+01
    43.580, -.89000E+00
    43.600,  .37000E+00
    43.620,  .63000E+00
    43.640, -.40000E+00
    43.660, -.63000E+01
    43.680, -.12690E+02
    43.700, -.11550E+02
    43.720, -.67700E+01
    43.740, -.44700E+01
    43.760, -.57800E+01
    43.780, -.82600E+01
    43.800, -.88000E+01
    43.820, -.86900E+01
    43.840, -.85600E+01
    43.860, -.83700E+01
    43.880, -.84900E+01
    43.900, -.61400E+01
    43.920, -.33500E+01
    43.940, -.47300E+01
    43.960, -.76300E+01
    43.980, -.80100E+01
    44.000, -.51800E+01
    44.020, -.29300E+01
    44.040, -.48200E+01
    44.060, -.73400E+01
    44.080, -.67400E+01
    44.100, -.23000E+01
    44.120,  .16200E+01
    44.140, -.38000E+00
    44.160, -.31100E+01
    44.180, -.46300E+01
    44.200, -.76300E+01
    44.220, -.96700E+01
    44.240, -.12360E+02
    44.260, -.12500E+02
    44.280, -.80600E+01
    44.300, -.65600E+01
    44.320, -.26400E+01
    44.340,  .65600E+01
    44.360,  .95800E+01
    44.380,  .56700E+01
    44.400,  .32700E+01
    44.420,  .48700E+01
    44.440,  .48700E+01
    44.460,  .32400E+01
    44.480,  .47300E+01
    44.500,  .39700E+01
    44.520,  .65000E+00
    44.540,  .20000E-01
    44.560,  .25000E+00
    44.580,  .18000E+00
    44.600, -.36200E+01
    44.620, -.96100E+01
    44.640, -.10040E+02
    44.660, -.97600E+01
    44.680, -.12420E+02
    44.700, -.93100E+01
    44.720,  .59000E-01
    44.740,  .38300E+01
    44.760, -.41000E+00
    44.780, -.13600E+01
    44.800,  .17200E+01
    44.820, -.44000E+00
    44.840, -.60300E+01
    44.860, -.81800E+01
    44.880, -.82800E+01
    44.900, -.87300E+01
    44.920, -.44000E+01
    44.940,  .43800E+01
    44.960,  .85000E+01
    44.980,  .80100E+01
    45.000,  .77500E+01
    45.020,  .68600E+01
    45.040,  .46700E+01
    45.060,  .11200E+01
    45.080, -.30600E+01
    45.100, -.58000E+01
    45.120, -.62800E+01
    45.140, -.47500E+01
    45.160, -.29300E+01
    45.180, -.67000E+00
    45.200,  .28700E+01
    45.220,  .51800E+01
    45.240,  .70800E+01
    45.260,  .10230E+02
    45.280,  .10870E+02
    45.300,  .85000E+01
    45.320,  .58100E+01
    45.340,  .23400E+01
    45.360, -.30100E+01
    45.380, -.97400E+01
    45.400, -.12540E+02
    45.420, -.95000E+01
    45.440, -.78400E+01
    45.460, -.92700E+01
    45.480, -.10360E+02
    45.500, -.97900E+01
    45.520, -.77300E+01
    45.540, -.83000E+01
    45.560, -.10480E+02
    45.580, -.10250E+02
    45.600, -.99800E+01
    45.620, -.85800E+01
    45.640, -.32000E+01
    45.660,  .38900E+01
    45.680,  .81700E+01
    45.700,  .81000E+01
    45.720,  .75400E+01
    45.740,  .56000E+01
    45.760,  .14800E+01
    45.780, -.48000E+00
    45.800, -.21800E+01
    45.820, -.17600E+01
    45.840,  .37700E+01
    45.860,  .64400E+01
    45.880,  .64000E+01
    45.900,  .97300E+01
    45.920,  .10000E+02
    45.940,  .27700E+01
    45.960, -.30800E+01
    45.980, -.39000E+01
    46.000, -.87900E+01
    46.020, -.17570E+02
    46.040, -.17200E+02
    46.060, -.90290E+01
    46.080, -.62400E+01
    46.100, -.59500E+01
    46.120, -.70000E-01
    46.140,  .48900E+01
    46.160,  .28200E+01
    46.180, -.38600E+01
    46.200, -.10890E+02
    46.220, -.15080E+02
    46.240, -.15550E+02
    46.260, -.10750E+02
    46.280, -.50200E+01
    46.300, -.37600E+01
    46.320, -.28400E+01
    46.340, -.17200E+01
    46.360, -.82000E+00
    46.380, -.88000E+00
    46.400, -.71010E+01
    46.420, -.11690E+02
    46.440, -.89100E+01
    46.460, -.72800E+01
    46.480, -.76200E+01
    46.500, -.38400E+01
    46.520,  .50400E+01
    46.540,  .99600E+01
    46.560,  .55790E+01
    46.580, -.50000E-01
    46.600, -.50800E+01
    46.620, -.11310E+02
    46.640, -.14930E+02
    46.660, -.13880E+02
    46.680, -.92100E+01
    46.700, -.58900E+01
    46.720, -.44200E+01
    46.740, -.16500E+01
    46.760,  .17000E+01
    46.780,  .39400E+01
    46.800, -.70000E+00
    46.820, -.86100E+01
    46.840, -.88100E+01
    46.860, -.74200E+01
    46.880, -.92300E+01
    46.900, -.72000E+01
    46.920, -.29500E+01
    46.940, -.12100E+01
    46.960,  .93000E+00
    46.980,  .26400E+01
    47.000, -.17400E+01
    47.020, -.77500E+01
    47.040, -.91900E+01
    47.060, -.91000E+01
    47.080, -.93500E+01
    47.100, -.11150E+02
    47.120, -.12610E+02
    47.140, -.92300E+01
    47.160, -.67000E+01
    47.180, -.91300E+01
    47.200, -.10670E+02
    47.220, -.84600E+01
    47.240, -.59300E+01
    47.260, -.58100E+01
    47.280, -.62300E+01
    47.300, -.60400E+01
    47.320, -.39600E+01
    47.340,  .11000E+00
    47.360,  .13800E+01
    47.380,  .20100E+01
    47.400,  .38700E+01
    47.420,  .76000E+00
    47.440, -.37000E+01
    47.460, -.31500E+01
    47.480, -.55000E+00
    47.500,  .13000E+01
    47.520,  .71000E+00
    47.540, -.12200E+01
    47.560, -.77000E+00
    47.580, -.15700E+01
    47.600, -.55700E+01
    47.620, -.62200E+01
    47.640, -.59000E+01
    47.660, -.10640E+02
    47.680, -.13880E+02
    47.700, -.12560E+02
    47.720, -.12680E+02
    47.740, -.13680E+02
    47.760, -.97500E+01
    47.780, -.31700E+01
    47.800, -.29800E+01
    47.820, -.52300E+01
    47.840, -.95000E+00
    47.860,  .33000E+01
    47.880,  .26700E+01
    47.900,  .51000E+00
    47.920, -.98000E+00
    47.940, -.10100E+01
    47.960, -.39700E+01
    47.980, -.74400E+01
    48.000, -.59200E+01
    48.020, -.39700E+01
    48.040, -.13900E+01
    48.060,  .18000E+01
    48.080,  .39400E+01
    48.100,  .82100E+01
    48.120,  .74100E+01
    48.140,  .14400E+01
    48.160,  .50000E+00
    48.180,  .93000E+00
    48.200,  .59000E+00
    48.220,  .83000E+00
    48.240, -.79000E+00
    48.260, -.91000E+00
    48.280,  .79000E+00
    48.300,  .32000E+01
    48.320,  .61500E+01
    48.340,  .46100E+01
    48.360, -.36000E+00
    48.380, -.28900E+01
    48.400, -.13900E+01
    48.420, -.12300E+01
    48.440, -.55500E+01
    48.460, -.53300E+01
    48.480, -.63000E+00
    48.500, -.63000E+00
    48.520, -.44300E+01
    48.540, -.97700E+01
    48.560, -.12330E+02
    48.580, -.98900E+01
    48.600, -.92400E+01
    48.620, -.98700E+01
    48.640, -.92900E+01
    48.660, -.83900E+01
    48.680, -.35800E+01
    48.700,  .41000E+01
    48.720,  .73400E+01
    48.740,  .55400E+01
    48.760,  .71700E+01
    48.780,  .11190E+02
    48.800,  .79800E+01
    48.820,  .21300E+01
    48.840, -.14100E+01
    48.860, -.56900E+01
    48.880, -.65300E+01
    48.900, -.38000E+01
    48.920, -.36500E+01
    48.940, -.44000E+01
    48.960, -.61000E+00
    48.980,  .46300E+01
    49.000,  .45000E+01
    49.020,  .35100E+01
    49.040,  .36100E+01
    49.060, -.84000E+00
    49.080, -.49200E+01
    49.100, -.58500E+01
    49.120, -.79400E+01
    49.140, -.10690E+02
    49.160, -.11610E+02
    49.180, -.74100E+01
    49.200, -.27300E+01
    49.220, -.46500E+01
    49.240, -.74700E+01
    49.260, -.66900E+01
    49.280, -.46400E+01
    49.300, -.43600E+01
    49.320, -.63200E+01
    49.340, -.50000E+01
    49.360, -.16500E+01
    49.380, -.10000E+01
    49.400,  .84000E+00
    49.420,  .27000E+01
    49.440, -.48000E+00
    49.460, -.55200E+01
    49.480, -.81600E+01
    49.500, -.90700E+01
    49.520, -.11210E+02
    49.540, -.13440E+02
    49.560, -.11720E+02
    49.580, -.75800E+01
    49.600, -.50600E+01
    49.620, -.44600E+01
    49.640, -.28900E+01
    49.660,  .16000E+00
    49.680, -.70000E+00
    49.700, -.56900E+01
    49.720, -.88100E+01
    49.740, -.10390E+02
    49.760, -.13060E+02
    49.780, -.15130E+02
    49.800, -.12270E+02
    49.820, -.50300E+01
    49.840, -.23000E+01
    49.860, -.34700E+01
    49.880, -.39000E+00
    49.900,  .28400E+01
    49.920,  .19600E+01
    49.940, -.20000E+00
    49.960, -.34400E+01
    49.980, -.65500E+01
    50.000, -.69100E+01
    50.020, -.58200E+01
    50.040, -.70300E+01
    50.060, -.10330E+02
    50.080, -.11390E+02
    50.100, -.99000E+01
    50.120, -.92800E+01
    50.140, -.12620E+02
    50.160, -.17130E+02
    50.180, -.15730E+02
    50.200, -.12140E+02
    50.220, -.12120E+02
    50.240, -.95300E+01
    50.260, -.12000E+01
    50.280,  .62500E+01
    50.300,  .74800E+01
    50.320,  .51100E+01
    50.340,  .30200E+01
    50.360, -.70000E-01
    50.380, -.29600E+01
    50.400, -.37000E+01
    50.420, -.36600E+01
    50.440, -.10800E+01
    50.460,  .38500E+01
    50.480,  .67400E+01
    50.500,  .76600E+01
    50.520,  .99500E+01
    50.540,  .12330E+02
    50.560,  .86890E+01
    50.580,  .10200E+01
    50.600, -.16800E+01
    50.620, -.16700E+01
    50.640, -.44200E+01
    50.660, -.55000E+01
    50.680, -.38500E+01
    50.700, -.31500E+01
    50.720, -.32700E+01
    50.740, -.38100E+01
    50.760, -.44800E+01
    50.780, -.70600E+01
    50.800, -.11760E+02
    50.820, -.10270E+02
    50.840, -.26800E+01
    50.860,  .10200E+01
    50.880,  .28000E+01
    50.900,  .72000E+01
    50.920,  .95400E+01
    50.940,  .75200E+01
    50.960,  .50200E+01
    50.980,  .53000E+01
    51.000,  .46700E+01
    51.020, -.30000E-01
    51.040, -.32200E+01
    51.060, -.17300E+01
    51.080,  .52000E+00
    51.100,  .14600E+01
    51.120,  .47600E+01
    51.140,  .11700E+02
    51.160,  .14910E+02
    51.180,  .12490E+02
    51.200,  .10030E+02
    51.220,  .83000E+01
    51.240,  .83400E+01
    51.260,  .80900E+01
    51.280,  .35700E+01
    51.300,  .28100E+01
    51.320,  .71800E+01
    51.340,  .72800E+01
    51.360,  .72600E+01
    51.380,  .94400E+01
    51.400,  .56200E+01
    51.420,  .15200E+01
    51.440,  .44200E+01
    51.460,  .61700E+01
    51.480,  .38200E+01
    51.500,  .34000E+01
    51.520,  .47900E+01
    51.540,  .50300E+01
    51.560,  .50500E+01
    51.580,  .45900E+01
    51.600,  .18900E+01
    51.620,  .70000E-01
    51.640, -.41000E+00
    51.660, -.26800E+01
    51.680, -.99000E+00
    51.700,  .49000E+01
    51.720,  .61600E+01
    51.740,  .71100E+01
    51.760,  .11020E+02
    51.780,  .11850E+02
    51.800,  .11310E+02
    51.820,  .11200E+02
    51.840,  .10100E+02
    51.860,  .82100E+01
    51.880,  .52200E+01
    51.900,  .32200E+01
    51.920,  .16600E+01
    51.940,  .81000E+00
    51.960,  .33200E+01
    51.980,  .34700E+01
    52.000,  .62000E+00
    52.020,  .23000E+01
    52.040,  .65600E+01
    52.060,  .83000E+01
    52.080,  .87100E+01
    52.100,  .80700E+01
    52.120,  .40500E+01
    52.140,  .98000E+00
    52.160,  .31000E+01
    52.180,  .28900E+01
    52.200, -.14200E+01
    52.220, -.17500E+01
    52.240,  .23200E+01
    52.260,  .56200E+01
    52.280,  .33800E+01
    52.300, -.12600E+01
    52.320,  .15800E+01
    52.340,  .85500E+01
    52.360,  .90000E+01
    52.380,  .48300E+01
    52.400,  .40300E+01
    52.420,  .69300E+01
    52.440,  .78300E+01
    52.460,  .48200E+01
    52.480,  .24500E+01
    52.500,  .43400E+01
    52.520,  .66700E+01
    52.540,  .59500E+01
    52.560,  .40900E+01
    52.580,  .38000E+00
    52.600, -.26100E+01
    52.620,  .25000E+00
    52.640,  .37600E+01
    52.660,  .44400E+01
    52.680,  .61800E+01
    52.700,  .80700E+01
    52.720,  .72400E+01
    52.740,  .63200E+01
    52.760,  .78500E+01
    52.780,  .70000E+01
    52.800,  .30600E+01
    52.820,  .68000E+00
    52.840, -.78000E+00
    52.860,  .18800E+01
    52.880,  .76900E+01
    52.900,  .77600E+01
    52.920,  .76600E+01
    52.940,  .12200E+02
    52.960,  .12580E+02
    52.980,  .70000E+01
    53.000,  .12200E+01
    53.020, -.14400E+01
    53.040, -.98000E+00
    53.060,  .10500E+01
    53.080,  .15300E+01
    53.100, -.17700E+01
    53.120, -.40500E+01
    53.140, -.25600E+01
    53.160, -.19300E+01
    53.180, -.38800E+01
    53.200, -.50200E+01
    53.220, -.33200E+01
    53.240, -.28300E+01
    53.260, -.46500E+01
    53.280, -.43100E+01
    53.300, -.25100E+01
    53.320,  .52000E+00
    53.340,  .54100E+01
    53.360,  .76200E+01
    53.380,  .76200E+01
    53.400,  .90500E+01
    53.420,  .98700E+01
    53.440,  .88100E+01
    53.460,  .10780E+02
    53.480,  .14930E+02
    53.500,  .13230E+02
    53.520,  .92800E+01
    53.540,  .88000E+01
    53.560,  .87700E+01
    53.580,  .10460E+02
    53.600,  .10850E+02
    53.620,  .55800E+01
    53.640,  .13600E+01
    53.660,  .73000E+00
    53.680,  .44000E+00
    53.700, -.28700E+01
    53.720, -.73600E+01
    53.740, -.44700E+01
    53.760,  .15900E+01
    53.780,  .34300E+01
    53.800,  .48200E+01
    53.820,  .57100E+01
    53.840,  .60000E+01
    53.860,  .66500E+01
    53.880,  .51800E+01
    53.900,  .35400E+01
    53.920,  .25900E+01
    53.940,  .21900E+01
    53.960,  .28400E+01
    53.980,  .30400E+01
    54.000,  .54600E+01
    54.020,  .98600E+01
    54.040,  .13630E+02
    54.060,  .16210E+02
    54.080,  .12690E+02
    54.100,  .67200E+01
    54.120,  .41200E+01
    54.140,  .21000E+00
    54.160, -.16900E+01
    54.180,  .39000E+00
    54.200,  .10400E+01
    54.220,  .46500E+01
    54.240,  .10870E+02
    54.260,  .14020E+02
    54.280,  .16500E+02
    54.300,  .18270E+02
    54.320,  .16860E+02
    54.340,  .12030E+02
    54.360,  .63700E+01
    54.380,  .44200E+01
    54.400,  .58200E+01
    54.420,  .96400E+01
    54.440,  .12220E+02
    54.460,  .88900E+01
    54.480,  .61300E+01
    54.500,  .62500E+01
    54.520,  .46300E+01
    54.540,  .24500E+01
    54.560, -.73000E+00
    54.580, -.12000E+01
    54.600,  .46100E+01
    54.620,  .93400E+01
    54.640,  .11720E+02
    54.660,  .14290E+02
    54.680,  .15810E+02
    54.700,  .16940E+02
    54.720,  .14820E+02
    54.740,  .10100E+02
    54.760,  .73600E+01
    54.780,  .44500E+01
    54.800,  .18700E+01
    54.820,  .36500E+01
    54.840,  .85900E+01
    54.860,  .13760E+02
    54.880,  .18660E+02
    54.900,  .21730E+02
    54.920,  .19440E+02
    54.940,  .15130E+02
    54.960,  .13420E+02
    54.980,  .11930E+02
    55.000,  .10810E+02
    55.020,  .10490E+02
    55.040,  .89900E+01
    55.060,  .77900E+01
    55.080,  .85000E+01
    55.100,  .11660E+02
    55.120,  .13990E+02
    55.140,  .11960E+02
    55.160,  .92400E+01
    55.180,  .84600E+01
    55.200,  .76200E+01
    55.220,  .59700E+01
    55.240,  .73800E+01
    55.260,  .13160E+02
    55.280,  .15620E+02
    55.300,  .12800E+02
    55.320,  .98500E+01
    55.340,  .66000E+01
    55.360,  .19700E+01
    55.380, -.28000E+01
    55.400, -.38200E+01
    55.420, -.22000E+00
    55.440,  .29300E+01
    55.460,  .65100E+01
    55.480,  .10910E+02
    55.500,  .99900E+01
    55.520,  .65900E+01
    55.540,  .87800E+01
    55.560,  .13440E+02
    55.580,  .13240E+02
    55.600,  .11180E+02
    55.620,  .10190E+02
    55.640,  .60800E+01
    55.660,  .73000E+00
    55.680, -.22700E+01
    55.700, -.37300E+01
    55.720, -.13900E+01
    55.740,  .31100E+01
    55.760,  .33200E+01
    55.780,  .19600E+01
    55.800,  .62900E+01
    55.820,  .13430E+02
    55.840,  .15830E+02
    55.860,  .12440E+02
    55.880,  .75600E+01
    55.900,  .65300E+01
    55.920,  .87100E+01
    55.940,  .88400E+01
    55.960,  .70400E+01
    55.980,  .66300E+01
    56.000,  .93300E+01
    56.020,  .10890E+02
    56.040,  .59610E+01
    56.060,  .82000E+00
    56.080,  .61000E+00
    56.100, -.54000E+00
    56.120, -.43100E+01
    56.140, -.50400E+01
    56.160, -.16600E+01
    56.180,  .58000E+00
    56.200, -.59000E+00
    56.220, -.44000E+01
    56.240, -.87700E+01
    56.260, -.96700E+01
    56.280, -.95100E+01
    56.300, -.10310E+02
    56.320, -.73700E+01
    56.340, -.12400E+01
    56.360,  .40900E+01
    56.380,  .71800E+01
    56.400,  .91300E+01
    56.420,  .11530E+02
    56.440,  .12910E+02
    56.460,  .11780E+02
    56.480,  .67800E+01
    56.500,  .43000E+00
    56.520, -.10700E+01
    56.540,  .56000E+00
    56.560, -.96000E+00
    56.580, -.70200E+01
    56.600, -.10580E+02
    56.620, -.75000E+01
    56.640, -.57400E+01
    56.660, -.61800E+01
    56.680, -.51900E+01
    56.700, -.63500E+01
    56.720, -.69400E+01
    56.740, -.46700E+01
    56.760, -.41700E+01
    56.780, -.52700E+01
    56.800, -.19400E+01
    56.820,  .63800E+01
    56.840,  .86800E+01
    56.860,  .33700E+01
    56.880,  .21100E+01
    56.900,  .39000E+01
    56.920,  .17000E+01
    56.940, -.21500E+01
    56.960, -.41600E+01
    56.980, -.55100E+01
    57.000, -.72300E+01
    57.020, -.76500E+01
    57.040, -.70700E+01
    57.060, -.57600E+01
    57.080, -.41400E+01
    57.100, -.37000E+01
    57.120, -.10800E+01
    57.140,  .32600E+01
    57.160,  .32000E+01
    57.180, -.30000E-01
    57.200, -.48000E+00
    57.220,  .18100E+01
    57.240,  .16700E+01
    57.260,  .12300E+01
    57.280,  .28400E+01
    57.300,  .15000E+01
    57.320,  .16400E+01
    57.340,  .57000E+01
    57.360,  .63200E+01
    57.380,  .49000E+01
    57.400,  .27800E+01
    57.420,  .86000E+00
    57.440,  .14400E+01
    57.460, -.18500E+01
    57.480, -.63100E+01
    57.500, -.48300E+01
    57.520, -.83000E+00
    57.540,  .27000E+01
    57.560,  .17800E+01
    57.580, -.19900E+01
    57.600, -.14300E+01
    57.620,  .25000E+00
    57.640,  .26000E+00
    57.660, -.50000E+00
    57.680, -.19000E+01
    57.700, -.21100E+01
    57.720, -.28100E+01
    57.740, -.20400E+01
    57.760, -.90000E-01
    57.780, -.15100E+01
    57.800, -.11000E+00
    57.820,  .25500E+01
    57.840, -.16000E+00
    57.860, -.29400E+01
    57.880, -.71800E+01
    57.900, -.10710E+02
    57.920, -.53000E+01
    57.940,  .13600E+01
    57.960,  .40800E+01
    57.980,  .80400E+01
    58.000,  .13820E+02
    58.020,  .16690E+02
    58.040,  .14140E+02
    58.060,  .12000E+02
    58.080,  .11740E+02
    58.100,  .78700E+01
    58.120,  .26400E+01
    58.140,  .19200E+01
    58.160,  .54800E+01
    58.180,  .65900E+01
    58.200,  .32400E+01
    58.220,  .19400E+01
    58.240,  .45500E+01
    58.260,  .40800E+01
    58.280, -.56100E+01
    58.300, -.14610E+02
    58.320, -.10760E+02
    58.340, -.31100E+01
    58.360,  .70000E+00
    58.380,  .58310E+01
    58.400,  .11940E+02
    58.420,  .12570E+02
    58.440,  .91700E+01
    58.460,  .11540E+02
    58.480,  .10390E+02
    58.500, -.28390E+01
    58.520, -.66000E+01
    58.540,  .36900E+00
    58.560,  .40000E+00
    58.580, -.66000E+00
    58.600,  .25400E+01
    58.620,  .67100E+01
    58.640,  .93400E+01
    58.660,  .74200E+01
    58.680,  .24900E+01
    58.700, -.41500E+01
    58.720, -.75600E+01
    58.740, -.68100E+01
    58.760, -.87500E+01
    58.780, -.82900E+01
    58.800, -.22100E+01
    58.820,  .27900E+01
    58.840,  .51000E+01
    58.860,  .61500E+01
    58.880,  .71800E+01
    58.900,  .51500E+01
    58.920,  .18700E+01
    58.940,  .52900E+01
    58.960,  .84900E+01
    58.980,  .53300E+01
    59.000,  .14500E+01
    59.020, -.15600E+01
    59.040, -.22700E+01
    59.060, -.38000E+01
    59.080, -.11170E+02
    59.100, -.15620E+02
    59.120, -.13670E+02
    59.140, -.13790E+02
    59.160, -.14830E+02
    59.180, -.12580E+02
    59.200, -.11790E+02
    59.220, -.11520E+02
    59.240, -.53600E+01
    59.260, -.22000E+00
    59.280, -.16300E+01
    59.300,  .40000E+00
    59.320,  .51500E+01
    59.340,  .34100E+01
    59.360,  .13400E+01
    59.380,  .20100E+01
    59.400, -.45000E+00
    59.420, -.25900E+01
    59.440, -.41200E+01
    59.460, -.89800E+01
    59.480, -.98700E+01
    59.500, -.52700E+01
    59.520, -.36100E+01
    59.540, -.32700E+01
    59.560, -.91000E+00
    59.580,  .20000E+00
    59.600, -.19400E+01
    59.620, -.85300E+01
    59.640, -.14780E+02
    59.660, -.15020E+02
    59.680, -.14990E+02
    59.700, -.14130E+02
    59.720, -.54090E+01
    59.740,  .25600E+01
    59.760,  .77000E+00
    59.780, -.44700E+01
    59.800, -.67900E+01
    59.820, -.89600E+01
    59.840, -.14760E+02
    59.860, -.19740E+02
    59.880, -.17980E+02
    59.900, -.13060E+02
    59.920, -.11670E+02
    59.940, -.12250E+02
    59.960, -.91000E+01
    59.980, -.62700E+01
    60.000, -.96400E+01
