      .020,  .15236E+03
      .040, -.58230E+02
      .060, -.16872E+03
      .080, -.89090E+02
      .100, -.16333E+03
      .120, -.16434E+03
      .140, -.94860E+02
      .160, -.48120E+02
      .180,  .99200E+01
      .200,  .26390E+02
      .220,  .61390E+02
      .240,  .68860E+02
      .260,  .37860E+02
      .280,  .36630E+02
      .300,  .32500E+02
      .320,  .47790E+02
      .340,  .48620E+02
      .360,  .28570E+02
      .380,  .41970E+02
      .400,  .54680E+02
      .420,  .41000E+02
      .440, -.66400E+01
      .460, -.24910E+02
      .480, -.52400E+01
      .500, -.22600E+02
      .520, -.30140E+02
      .540, -.28300E+01
      .560,  .58290E+02
      .580,  .13243E+03
      .600,  .13525E+03
      .620,  .74670E+02
      .640, -.28050E+02
      .660, -.11296E+03
      .680, -.10199E+03
      .700, -.50460E+02
      .720, -.53900E+01
      .740,  .10000E-01
      .760, -.59340E+02
      .780, -.13107E+03
      .800, -.14838E+03
      .820, -.79400E+02
      .840, -.50100E+01
      .860,  .48000E+00
      .880, -.25250E+02
      .900, -.48440E+02
      .920, -.60410E+02
      .940, -.71390E+02
      .960, -.59340E+02
      .980, -.22070E+02
     1.000, -.41190E+02
     1.020, -.93430E+02
     1.040, -.98990E+02
     1.060, -.72850E+02
     1.080, -.25510E+02
     1.100,  .50140E+02
     1.120,  .92450E+02
     1.140,  .45670E+02
     1.160, -.10590E+02
     1.180, -.94100E+01
     1.200,  .63000E+00
     1.220,  .17070E+02
     1.240,  .48020E+02
     1.260,  .62130E+02
     1.280,  .69710E+02
     1.300,  .86830E+02
     1.320,  .11310E+03
     1.340,  .14136E+03
     1.360,  .16803E+03
     1.380,  .18979E+03
     1.400,  .17814E+03
     1.420,  .11185E+03
     1.440,  .11740E+02
     1.460, -.52790E+02
     1.480, -.49730E+02
     1.500, -.32350E+02
     1.520, -.33850E+02
     1.540, -.42790E+02
     1.560, -.38180E+02
     1.580, -.22980E+02
     1.600, -.22460E+02
     1.620, -.17630E+02
     1.640, -.15000E+01
     1.660,  .68000E+00
     1.680, -.11610E+02
     1.700, -.49920E+02
     1.720, -.89010E+02
     1.740, -.70610E+02
     1.760, -.38310E+02
     1.780, -.53910E+02
     1.800, -.81070E+02
     1.820, -.98150E+02
     1.840, -.10789E+03
     1.860, -.76350E+02
     1.880, -.31970E+02
     1.900, -.28730E+02
     1.920, -.44340E+02
     1.940, -.52090E+02
     1.960, -.45980E+02
     1.980, -.28940E+02
     2.000, -.70000E+01
     2.020,  .37040E+02
     2.040,  .10061E+03
     2.060,  .14016E+03
     2.080,  .11226E+03
     2.100,  .44610E+02
     2.120,  .58500E+01
     2.140,  .17000E+00
     2.160,  .19530E+02
     2.180,  .50490E+02
     2.200,  .42870E+02
     2.220, -.36100E+01
     2.240, -.57860E+02
     2.260, -.78720E+02
     2.280, -.33110E+02
     2.300,  .28400E+02
     2.320,  .48630E+02
     2.340,  .17360E+02
     2.360, -.42270E+02
     2.380, -.57340E+02
     2.400, -.11120E+02
     2.420,  .24470E+02
     2.440,  .22470E+02
     2.460,  .25300E+01
     2.480, -.34350E+02
     2.500, -.65500E+02
     2.520, -.78790E+02
     2.540, -.11198E+03
     2.560, -.14633E+03
     2.580, -.13423E+03
     2.600, -.10204E+03
     2.620, -.75510E+02
     2.640, -.45320E+02
     2.660, -.12280E+02
     2.680,  .10790E+02
     2.700,  .15730E+02
     2.720,  .26230E+02
     2.740,  .51330E+02
     2.760,  .43640E+02
     2.780, -.96700E+01
     2.800, -.37790E+02
     2.820,  .34200E+01
     2.840,  .62330E+02
     2.860,  .96280E+02
     2.880,  .10930E+03
     2.900,  .10298E+03
     2.920,  .12279E+03
     2.940,  .17528E+03
     2.960,  .16802E+03
     2.980,  .11845E+03
     3.000,  .10644E+03
     3.020,  .80720E+02
     3.040,  .17820E+02
     3.060,  .62500E+01
     3.080,  .93770E+02
     3.100,  .21201E+03
     3.120,  .24922E+03
     3.140,  .20195E+03
     3.160,  .13404E+03
     3.180,  .75970E+02
     3.200,  .58020E+02
     3.220,  .65270E+02
     3.240,  .80860E+02
     3.260,  .10850E+03
     3.280,  .79200E+02
     3.300, -.48400E+01
     3.320, -.59060E+02
     3.340, -.65200E+02
     3.360, -.17110E+02
     3.380,  .36790E+02
     3.400,  .29800E+01
     3.420, -.90740E+02
     3.440, -.14206E+03
     3.460, -.12486E+03
     3.480, -.86910E+02
     3.500, -.31810E+02
     3.520,  .21140E+02
     3.540, -.32780E+02
     3.560, -.16630E+03
     3.580, -.23650E+03
     3.600, -.22044E+03
     3.620, -.15750E+03
     3.640, -.62650E+02
     3.660,  .30710E+02
     3.680,  .91140E+02
     3.700,  .12499E+03
     3.720,  .15874E+03
     3.740,  .19198E+03
     3.760,  .18492E+03
     3.780,  .12612E+03
     3.800,  .31320E+02
     3.820, -.10421E+03
     3.840, -.19625E+03
     3.860, -.14676E+03
     3.880, -.45100E+02
     3.900,  .28270E+02
     3.920,  .88030E+02
     3.940,  .10681E+03
     3.960,  .11309E+03
     3.980,  .14972E+03
     4.000,  .16299E+03
     4.020,  .10003E+03
     4.040, -.21190E+02
     4.060, -.12110E+03
     4.080, -.13952E+03
     4.100, -.66530E+02
     4.120,  .32080E+02
     4.140,  .45440E+02
     4.160, -.65000E+00
     4.180, -.49240E+02
     4.200, -.89880E+02
     4.220, -.34100E+02
     4.240,  .76860E+02
     4.260,  .59179E+02
     4.280, -.98081E+02
     4.300, -.22521E+03
     4.320, -.20326E+03
     4.340, -.10864E+03
     4.360, -.57330E+02
     4.380, -.85929E+02
     4.400, -.18665E+03
     4.420, -.21143E+03
     4.440, -.73981E+02
     4.460,  .59339E+02
     4.480,  .97930E+02
     4.500,  .11593E+03
     4.520,  .12380E+03
     4.540,  .62790E+02
     4.560, -.48420E+02
     4.580, -.86760E+02
     4.600, -.32760E+02
     4.620, -.74000E+00
     4.640, -.17340E+02
     4.660, -.34550E+02
     4.680, -.29860E+02
     4.700, -.17500E+02
     4.720, -.16190E+02
     4.740,  .35340E+02
     4.760,  .14264E+03
     4.780,  .19307E+03
     4.800,  .17005E+03
     4.820,  .11318E+03
     4.840,  .48800E+02
     4.860,  .36390E+02
     4.880,  .53980E+02
     4.900,  .62520E+02
     4.920,  .72640E+02
     4.940,  .41410E+02
     4.960, -.27849E+02
     4.980, -.61440E+02
     5.000, -.40480E+02
     5.020,  .12440E+02
     5.040,  .78300E+02
     5.060,  .12305E+03
     5.080,  .68450E+02
     5.100, -.81180E+02
     5.120, -.19112E+03
     5.140, -.20920E+03
     5.160, -.17416E+03
     5.180, -.11586E+03
     5.200, -.73010E+02
     5.220, -.40690E+02
     5.240, -.13380E+02
     5.260, -.22950E+02
     5.280, -.38900E+02
     5.300, -.19120E+02
     5.320,  .18540E+02
     5.340,  .62870E+02
     5.360,  .12340E+03
     5.380,  .18605E+03
     5.400,  .20639E+03
     5.420,  .15941E+03
     5.440,  .85161E+02
     5.460,  .21951E+02
     5.480, -.38080E+02
     5.500, -.72960E+02
     5.520, -.57900E+02
     5.540, -.34480E+02
     5.560, -.42330E+02
     5.580, -.78940E+02
     5.600, -.12407E+03
     5.620, -.13870E+03
     5.640, -.89260E+02
     5.660, -.20400E+02
     5.680, -.17420E+02
     5.700, -.63960E+02
     5.720, -.11808E+03
     5.740, -.20218E+03
     5.760, -.27976E+03
     5.780, -.29298E+03
     5.800, -.25795E+03
     5.820, -.21489E+03
     5.840, -.17232E+03
     5.860, -.94719E+02
     5.880, -.99290E+01
     5.900,  .41800E+01
     5.920, -.38209E+02
     5.940, -.88530E+02
     5.960, -.12805E+03
     5.980, -.14970E+03
     6.000, -.14738E+03
     6.020, -.11721E+03
     6.040, -.87470E+02
     6.060, -.62060E+02
     6.080, -.23460E+02
     6.100,  .25000E+01
     6.120,  .92000E+00
     6.140, -.12100E+02
     6.160, -.14790E+02
     6.180, -.10940E+02
     6.200, -.22860E+02
     6.220, -.30220E+02
     6.240, -.13800E+02
     6.260,  .30000E-01
     6.280, -.26470E+02
     6.300, -.63920E+02
     6.320, -.28060E+02
     6.340,  .51741E+02
     6.360,  .10194E+03
     6.380,  .14307E+03
     6.400,  .18779E+03
     6.420,  .22733E+03
     6.440,  .24266E+03
     6.460,  .18659E+03
     6.480,  .50091E+02
     6.500, -.11860E+03
     6.520, -.21198E+03
     6.540, -.16397E+03
     6.560, -.56051E+02
     6.580,  .11080E+02
     6.600,  .19770E+02
     6.620, -.16150E+02
     6.640, -.72020E+02
     6.660, -.77730E+02
     6.680,  .10040E+02
     6.700,  .10175E+03
     6.720,  .12186E+03
     6.740,  .13508E+03
     6.760,  .17716E+03
     6.780,  .17921E+03
     6.800,  .13211E+03
     6.820,  .10967E+03
     6.840,  .97780E+02
     6.860,  .38769E+02
     6.880, -.29351E+02
     6.900, -.74310E+02
     6.920, -.10878E+03
     6.940, -.13308E+03
     6.960, -.15704E+03
     6.980, -.14884E+03
     7.000, -.75241E+02
     7.020, -.14610E+02
     7.040, -.35230E+02
     7.060, -.78980E+02
     7.080, -.76110E+02
     7.100, -.53170E+02
     7.120, -.63420E+02
     7.140, -.91920E+02
     7.160, -.11238E+03
     7.180, -.14190E+03
     7.200, -.16704E+03
     7.220, -.14983E+03
     7.240, -.11839E+03
     7.260, -.11356E+03
     7.280, -.11288E+03
     7.300, -.86130E+02
     7.320, -.38010E+02
     7.340, -.17190E+02
     7.360, -.66300E+02
     7.380, -.10606E+03
     7.400, -.40749E+02
     7.420,  .66291E+02
     7.440,  .13500E+03
     7.460,  .19242E+03
     7.480,  .24898E+03
     7.500,  .26829E+03
     7.520,  .24412E+03
     7.540,  .21706E+03
     7.560,  .24003E+03
     7.580,  .29277E+03
     7.600,  .28908E+03
     7.620,  .20992E+03
     7.640,  .10842E+03
     7.660,  .10240E+02
     7.680, -.72200E+02
     7.700, -.11097E+03
     7.720, -.11443E+03
     7.740, -.95380E+02
     7.760, -.46820E+02
     7.780, -.24590E+02
     7.800, -.65080E+02
     7.820, -.90490E+02
     7.840, -.56900E+02
     7.860, -.17690E+02
     7.880, -.16650E+02
     7.900, -.28940E+02
     7.920, -.22580E+02
     7.940, -.22790E+02
     7.960, -.19420E+02
     7.980,  .31779E+02
     8.000,  .10153E+03
     8.020,  .13001E+03
     8.040,  .10010E+03
     8.060,  .11067E+03
     8.080,  .21284E+03
     8.100,  .22600E+03
     8.120,  .13527E+03
     8.140,  .13836E+03
     8.160,  .18082E+03
     8.180,  .13972E+03
     8.200,  .55228E+02
     8.220, -.36200E+02
     8.240, -.95389E+02
     8.260, -.11726E+03
     8.280, -.15068E+03
     8.300, -.19359E+03
     8.320, -.23113E+03
     8.340, -.24447E+03
     8.360, -.20112E+03
     8.380, -.12535E+03
     8.400, -.89260E+02
     8.420, -.10299E+03
     8.440, -.89590E+02
     8.460, -.36599E+02
     8.480, -.19300E+01
     8.500,  .18370E+02
     8.520,  .54390E+02
     8.540,  .10683E+03
     8.560,  .14112E+03
     8.580,  .14058E+03
     8.600,  .14846E+03
     8.620,  .14966E+03
     8.640,  .96660E+02
     8.660,  .92980E+01
     8.680, -.75920E+02
     8.700, -.10282E+03
     8.720, -.67050E+02
     8.740, -.50940E+02
     8.760, -.60190E+02
     8.780, -.58130E+02
     8.800, -.58760E+02
     8.820, -.67070E+02
     8.840, -.85540E+02
     8.860, -.90780E+02
     8.880, -.46480E+02
     8.900, -.30410E+01
     8.920,  .98500E+01
     8.940,  .32260E+02
     8.960,  .31880E+02
     8.980, -.19779E+02
     9.000, -.91161E+02
     9.020, -.17169E+03
     9.040, -.18857E+03
     9.060, -.95421E+02
     9.080, -.76290E+01
     9.100,  .93600E+01
     9.120, -.92910E+01
     9.140, -.58570E+02
     9.160, -.11616E+03
     9.180, -.13095E+03
     9.200, -.79138E+02
     9.220, -.86200E+01
     9.240,  .53600E+01
     9.260, -.63700E+01
     9.280,  .16259E+02
     9.300,  .63740E+02
     9.320,  .11935E+03
     9.340,  .14481E+03
     9.360,  .15625E+03
     9.380,  .22924E+03
     9.400,  .25669E+03
     9.420,  .13048E+03
     9.440,  .69810E+01
     9.460, -.26540E+02
     9.480, -.45820E+02
     9.500, -.35820E+02
     9.520, -.46600E+01
     9.540, -.17450E+02
     9.560, -.27620E+02
     9.580,  .10881E+02
     9.600,  .40970E+02
     9.620,  .33440E+02
     9.640,  .25390E+02
     9.660,  .19230E+02
     9.680, -.27400E+01
     9.700, -.26551E+02
     9.720, -.54960E+02
     9.740, -.97591E+02
     9.760, -.12355E+03
     9.780, -.77072E+02
     9.800,  .27230E+02
     9.820,  .87749E+02
     9.840,  .79860E+02
     9.860,  .33931E+02
     9.880, -.39500E+01
     9.900,  .61359E+02
     9.920,  .13166E+03
     9.940,  .69001E+02
     9.960,  .66000E+01
     9.980,  .36400E+01
    10.000, -.34841E+02
    10.020, -.89680E+02
    10.040, -.87269E+02
    10.060,  .62590E+01
    10.080,  .96901E+02
    10.100,  .58211E+02
    10.120, -.37552E+02
    10.140, -.85420E+02
    10.160, -.11051E+03
    10.180, -.13585E+03
    10.200, -.13327E+03
    10.220, -.83950E+02
    10.240,  .17320E+01
    10.260,  .96470E+02
    10.280,  .15799E+03
    10.300,  .17044E+03
    10.320,  .15614E+03
    10.340,  .11203E+03
    10.360,  .51761E+02
    10.380,  .38020E+02
    10.400,  .72749E+02
    10.420,  .78580E+02
    10.440,  .21111E+02
    10.460, -.38370E+02
    10.480, -.38100E+02
    10.500,  .11700E+01
    10.520,  .33730E+02
    10.540,  .71611E+02
    10.560,  .14633E+03
    10.580,  .22899E+03
    10.600,  .26301E+03
    10.620,  .23781E+03
    10.640,  .19525E+03
    10.660,  .18087E+03
    10.680,  .18619E+03
    10.700,  .18582E+03
    10.720,  .18663E+03
    10.740,  .17953E+03
    10.760,  .15354E+03
    10.780,  .13093E+03
    10.800,  .99050E+02
    10.820,  .44061E+02
    10.840,  .27300E+02
    10.860,  .65309E+02
    10.880,  .89360E+02
    10.900,  .77870E+02
    10.920,  .47430E+02
    10.940, -.15290E+01
    10.960, -.62401E+02
    10.980, -.12729E+03
    11.000, -.17494E+03
    11.020, -.16700E+03
    11.040, -.11652E+03
    11.060, -.11296E+03
    11.080, -.16830E+03
    11.100, -.17294E+03
    11.120, -.13168E+03
    11.140, -.12145E+03
    11.160, -.85009E+02
    11.180,  .14889E+02
    11.200,  .96471E+02
    11.220,  .10783E+03
    11.240,  .10149E+03
    11.260,  .11359E+03
    11.280,  .66438E+02
    11.300, -.39390E+02
    11.320, -.79400E+02
    11.340, -.24550E+02
    11.360,  .57348E+02
    11.380,  .11083E+03
    11.400,  .12547E+03
    11.420,  .88050E+02
    11.440, -.32590E+01
    11.460, -.40780E+02
    11.480,  .41190E+01
    11.500,  .21400E+01
    11.520, -.40770E+02
    11.540,  .18910E+01
    11.560,  .11562E+03
    11.580,  .15790E+03
    11.600,  .92621E+02
    11.620,  .29689E+02
    11.640,  .17680E+02
    11.660,  .55991E+02
    11.680,  .13928E+03
    11.700,  .15207E+03
    11.720,  .49200E+02
    11.740, -.42961E+02
    11.760, -.60200E+02
    11.780, -.42070E+02
    11.800, -.33570E+02
    11.820, -.48530E+02
    11.840, -.66120E+02
    11.860, -.92279E+02
    11.880, -.13685E+03
    11.900, -.18357E+03
    11.920, -.22023E+03
    11.940, -.22709E+03
    11.960, -.19702E+03
    11.980, -.12970E+03
    12.000, -.99030E+02
    12.020, -.17967E+03
    12.040, -.19032E+03
    12.060, -.62551E+02
    12.080, -.72900E+01
    12.100,  .22320E+02
    12.120,  .12135E+03
    12.140,  .18330E+03
    12.160,  .20776E+03
    12.180,  .16856E+03
    12.200,  .37347E+02
    12.220, -.80100E+02
    12.240, -.13695E+03
    12.260, -.11852E+03
    12.280, -.55389E+02
    12.300, -.14750E+02
    12.320,  .21329E+02
    12.340,  .74750E+02
    12.360,  .13049E+03
    12.380,  .12637E+03
    12.400,  .64291E+02
    12.420,  .41820E+02
    12.440,  .18371E+02
    12.460, -.38390E+02
    12.480, -.20931E+02
    12.500,  .73791E+02
    12.520,  .15394E+03
    12.540,  .15560E+03
    12.560,  .57162E+02
    12.580, -.72771E+02
    12.600, -.12249E+03
    12.620, -.93159E+02
    12.640, -.55300E+02
    12.660,  .18182E+02
    12.680,  .12756E+03
    12.700,  .18596E+03
    12.720,  .18330E+03
    12.740,  .13789E+03
    12.760,  .52250E+02
    12.780, -.27381E+02
    12.800, -.58990E+02
    12.820, -.66570E+02
    12.840, -.10652E+03
    12.860, -.16390E+03
    12.880, -.16332E+03
    12.900, -.62343E+02
    12.920,  .71831E+02
    12.940,  .12352E+03
    12.960,  .12353E+03
    12.980,  .12916E+03
    13.000,  .11182E+03
    13.020,  .10861E+03
    13.040,  .12369E+03
    13.060,  .11433E+03
    13.080,  .12828E+03
    13.100,  .16565E+03
    13.120,  .15101E+03
    13.140,  .87171E+02
    13.160,  .24789E+02
    13.180, -.34150E+02
    13.200, -.81751E+02
    13.220, -.84150E+02
    13.240, -.36669E+02
    13.260,  .49610E+02
    13.280,  .92560E+02
    13.300,  .42770E+02
    13.320,  .41900E+00
    13.340, -.16120E+02
    13.360, -.28210E+02
    13.380,  .50000E-01
    13.400, -.13499E+02
    13.420, -.90720E+02
    13.440, -.14518E+03
    13.460, -.19433E+03
    13.480, -.21417E+03
    13.500, -.14636E+03
    13.520, -.71651E+02
    13.540, -.45760E+02
    13.560, -.30260E+02
    13.580, -.22360E+02
    13.600, -.16780E+02
    13.620,  .20900E+01
    13.640,  .10520E+02
    13.660,  .92200E+01
    13.680,  .30400E+01
    13.700, -.50200E+01
    13.720,  .12610E+02
    13.740,  .28830E+02
    13.760,  .16560E+02
    13.780,  .66000E+00
    13.800, -.12270E+02
    13.820, -.41151E+02
    13.840, -.90950E+02
    13.860, -.11497E+03
    13.880, -.11304E+03
    13.900, -.11864E+03
    13.920, -.78210E+02
    13.940, -.15281E+02
    13.960, -.94400E+01
    13.980, -.30170E+02
    14.000, -.52570E+02
    14.020, -.79720E+02
    14.040, -.94460E+02
    14.060, -.74141E+02
    14.080, -.19599E+02
    14.100,  .15360E+02
    14.120,  .22450E+02
    14.140,  .33670E+02
    14.160,  .39810E+02
    14.180,  .32060E+02
    14.200,  .18190E+02
    14.220, -.13230E+02
    14.240, -.74521E+02
    14.260, -.97840E+02
    14.280, -.55429E+02
    14.300, -.30530E+02
    14.320, -.13660E+02
    14.340,  .20740E+02
    14.360,  .55819E+02
    14.380,  .11756E+03
    14.400,  .12779E+03
    14.420,  .28100E+02
    14.440, -.74239E+02
    14.460, -.84680E+02
    14.480, -.95720E+01
    14.500,  .63410E+02
    14.520,  .10509E+03
    14.540,  .13755E+03
    14.560,  .11730E+03
    14.580,  .66879E+02
    14.600,  .42110E+02
    14.620,  .29660E+02
    14.640,  .20650E+02
    14.660,  .57700E+01
    14.680, -.20140E+02
    14.700, -.51211E+02
    14.720, -.92210E+02
    14.740, -.15803E+03
    14.760, -.22284E+03
    14.780, -.20479E+03
    14.800, -.14839E+03
    14.820, -.15794E+03
    14.840, -.17835E+03
    14.860, -.17315E+03
    14.880, -.19998E+03
    14.900, -.23206E+03
    14.920, -.19410E+03
    14.940, -.91192E+02
    14.960,  .23060E+02
    14.980,  .12165E+03
    15.000,  .16873E+03
    15.020,  .15145E+03
    15.040,  .11938E+03
    15.060,  .78431E+02
    15.080,  .23480E+02
    15.100,  .26000E+00
    15.120,  .30021E+02
    15.140,  .98469E+02
    15.160,  .16080E+03
    15.180,  .17661E+03
    15.200,  .15629E+03
    15.220,  .11009E+03
    15.240,  .84090E+02
    15.260,  .14412E+03
    15.280,  .18847E+03
    15.300,  .10802E+03
    15.320,  .42099E+02
    15.340,  .68420E+02
    15.360,  .68210E+02
    15.380,  .38820E+02
    15.400,  .28930E+02
    15.420,  .31120E+02
    15.440,  .49030E+02
    15.460,  .81100E+01
    15.480, -.86309E+02
    15.500, -.98140E+02
    15.520, -.55931E+02
    15.540, -.33320E+02
    15.560,  .81190E+01
    15.580,  .41240E+02
    15.600,  .22180E+02
    15.620, -.22211E+02
    15.640, -.61700E+02
    15.660, -.57860E+02
    15.680, -.38840E+02
    15.700, -.80531E+02
    15.720, -.12209E+03
    15.740, -.10913E+03
    15.760, -.14173E+03
    15.780, -.19521E+03
    15.800, -.11141E+03
    15.820,  .31412E+02
    15.840,  .55820E+02
    15.860,  .60341E+02
    15.880,  .15693E+03
    15.900,  .22041E+03
    15.920,  .20752E+03
    15.940,  .21294E+03
    15.960,  .24531E+03
    15.980,  .24854E+03
    16.000,  .16657E+03
    16.020,  .23642E+02
    16.040, -.76517E+02
    16.060, -.96890E+02
    16.080, -.68060E+02
    16.100, -.40860E+02
    16.120, -.46820E+02
    16.140, -.46609E+02
    16.160, -.31290E+01
    16.180,  .30870E+02
    16.200, -.86480E+01
    16.220, -.42571E+02
    16.240, -.18770E+02
    16.260, -.44420E+02
    16.280, -.82750E+02
    16.300, -.47998E+02
    16.320, -.16599E+02
    16.340,  .27770E+02
    16.360,  .86449E+02
    16.380,  .35206E+02
    16.400, -.84973E+02
    16.420, -.16116E+03
    16.440, -.19635E+03
    16.460, -.20952E+03
    16.480, -.18842E+03
    16.500, -.13508E+03
    16.520, -.89751E+02
    16.540, -.59731E+02
    16.560, -.16449E+02
    16.580,  .15560E+02
    16.600,  .71100E+01
    16.620, -.17899E+02
    16.640, -.16649E+02
    16.660,  .25231E+02
    16.680,  .77040E+02
    16.700,  .10654E+03
    16.720,  .10902E+03
    16.740,  .10229E+03
    16.760,  .95310E+02
    16.780,  .10636E+03
    16.800,  .16181E+03
    16.820,  .15635E+03
    16.840,  .22500E+02
    16.860, -.48750E+02
    16.880,  .14144E+02
    16.900,  .61291E+02
    16.920,  .83220E+02
    16.940,  .10378E+03
    16.960,  .80891E+02
    16.980,  .62180E+02
    17.000,  .65830E+02
    17.020,  .50840E+02
    17.040,  .32321E+02
    17.060,  .33990E+02
    17.080,  .53390E+02
    17.100,  .52070E+02
    17.120,  .57320E+01
    17.140, -.30951E+02
    17.160, -.37050E+02
    17.180, -.64150E+02
    17.200, -.10808E+03
    17.220, -.11420E+03
    17.240, -.94700E+02
    17.260, -.98830E+02
    17.280, -.12203E+03
    17.300, -.13844E+03
    17.320, -.12398E+03
    17.340, -.81240E+02
    17.360, -.59430E+02
    17.380, -.46079E+02
    17.400,  .12782E+02
    17.420,  .99680E+02
    17.440,  .15855E+03
    17.460,  .14815E+03
    17.480,  .95399E+02
    17.500,  .63520E+02
    17.520,  .55700E+02
    17.540,  .57370E+02
    17.560,  .62880E+02
    17.580,  .59620E+02
    17.600,  .48020E+02
    17.620,  .18492E+02
    17.640, -.43992E+02
    17.660, -.11677E+03
    17.680, -.14818E+03
    17.700, -.13429E+03
    17.720, -.11922E+03
    17.740, -.11463E+03
    17.760, -.13267E+03
    17.780, -.16504E+03
    17.800, -.14105E+03
    17.820, -.64759E+02
    17.840, -.15190E+02
    17.860, -.92000E+01
    17.880, -.12690E+01
    17.900,  .35371E+02
    17.920,  .80360E+02
    17.940,  .11809E+03
    17.960,  .11577E+03
    17.980,  .38248E+02
    18.000, -.48760E+02
    18.020, -.79790E+02
    18.040, -.76520E+02
    18.060, -.75170E+02
    18.080, -.10185E+03
    18.100, -.14436E+03
    18.120, -.16819E+03
    18.140, -.15532E+03
    18.160, -.10882E+03
    18.180, -.71240E+02
    18.200, -.60240E+02
    18.220, -.62160E+02
    18.240, -.79080E+02
    18.260, -.84930E+02
    18.280, -.66401E+02
    18.300, -.40659E+02
    18.320, -.70890E+01
    18.340,  .82500E+01
    18.360, -.12929E+02
    18.380, -.32631E+02
    18.400, -.31030E+02
    18.420, -.28600E+02
    18.440, -.34620E+02
    18.460, -.31560E+02
    18.480, -.23170E+02
    18.500, -.29630E+02
    18.520, -.26960E+02
    18.540, -.62810E+01
    18.560, -.36000E+01
    18.580, -.11460E+02
    18.600, -.85700E+01
    18.620, -.16059E+02
    18.640, -.34780E+02
    18.660, -.25250E+02
    18.680,  .29729E+02
    18.700,  .90888E+02
    18.720,  .11275E+03
    18.740,  .97950E+02
    18.760,  .63950E+02
    18.780,  .22191E+02
    18.800, -.59910E+01
    18.820, -.13210E+02
    18.840, -.13400E+02
    18.860, -.29839E+02
    18.880, -.65141E+02
    18.900, -.66370E+02
    18.920, -.19520E+02
    18.940, -.12459E+02
    18.960, -.72163E+02
    18.980, -.10550E+03
    19.000, -.80010E+02
    19.020, -.51480E+02
    19.040, -.39120E+02
    19.060, -.39580E+02
    19.080, -.49170E+02
    19.100, -.41560E+02
    19.120, -.17401E+02
    19.140, -.24000E+00
    19.160,  .71000E+00
    19.180, -.10130E+02
    19.200, -.13650E+02
    19.220, -.10310E+02
    19.240,  .16200E+01
    19.260,  .40900E+02
    19.280,  .72989E+02
    19.300,  .72110E+02
    19.320,  .79940E+02
    19.340,  .10792E+03
    19.360,  .12067E+03
    19.380,  .10465E+03
    19.400,  .82320E+02
    19.420,  .72040E+02
    19.440,  .70730E+02
    19.460,  .76060E+02
    19.480,  .73140E+02
    19.500,  .53360E+02
    19.520,  .45490E+02
    19.540,  .57889E+02
    19.560,  .58060E+02
    19.580,  .23330E+02
    19.600, -.24799E+02
    19.620, -.42970E+02
    19.640, -.28499E+02
    19.660, -.48900E+01
    19.680,  .19710E+02
    19.700,  .23570E+02
    19.720, -.12461E+02
    19.740, -.47570E+02
    19.760, -.36260E+02
    19.780, -.17840E+02
    19.800, -.39021E+02
    19.820, -.69420E+02
    19.840, -.89570E+02
    19.860, -.10689E+03
    19.880, -.94119E+02
    19.900, -.51649E+02
    19.920, -.14720E+02
    19.940,  .15599E+02
    19.960,  .31150E+02
    19.980,  .11390E+01
    20.000, -.48650E+02
    20.020, -.59650E+02
    20.040, -.45681E+02
    20.060, -.48750E+02
    20.080, -.44150E+02
    20.100, -.23310E+02
    20.120, -.28009E+02
    20.140, -.42920E+02
    20.160, -.42720E+02
    20.180, -.55080E+02
    20.200, -.66590E+02
    20.220, -.43239E+02
    20.240, -.17960E+02
    20.260, -.23520E+02
    20.280, -.31230E+02
    20.300, -.19009E+02
    20.320, -.97500E+01
    20.340, -.72700E+01
    20.360,  .10849E+02
    20.380,  .34161E+02
    20.400,  .42310E+02
    20.420,  .48640E+02
    20.440,  .76709E+02
    20.460,  .11458E+03
    20.480,  .12222E+03
    20.500,  .96210E+02
    20.520,  .54581E+02
    20.540, -.20370E+01
    20.560, -.47391E+02
    20.580, -.52930E+02
    20.600, -.36460E+02
    20.620, -.26970E+02
    20.640, -.37831E+02
    20.660, -.57910E+02
    20.680, -.74550E+02
    20.700, -.10478E+03
    20.720, -.14082E+03
    20.740, -.13290E+03
    20.760, -.73761E+02
    20.780, -.13982E+02
    20.800,  .11220E+02
    20.820,  .10470E+02
    20.840,  .24700E+01
    20.860, -.10270E+02
    20.880, -.22500E+02
    20.900, -.15210E+02
    20.920,  .10730E+02
    20.940,  .40279E+02
    20.960,  .64091E+02
    20.980,  .70080E+02
    21.000,  .80160E+02
    21.020,  .11725E+03
    21.040,  .14127E+03
    21.060,  .13513E+03
    21.080,  .11966E+03
    21.100,  .88751E+02
    21.120,  .54101E+02
    21.140,  .33130E+02
    21.160,  .19460E+02
    21.180,  .21840E+02
    21.200,  .36670E+02
    21.220,  .36200E+02
    21.240,  .19690E+01
    21.260, -.53189E+02
    21.280, -.82650E+02
    21.300, -.75549E+02
    21.320, -.58160E+02
    21.340, -.34550E+02
    21.360, -.10511E+02
    21.380,  .14361E+02
    21.400,  .39620E+02
    21.420,  .41220E+02
    21.440,  .38430E+02
    21.460,  .56071E+02
    21.480,  .70320E+02
    21.500,  .69550E+02
    21.520,  .51021E+02
    21.540,  .24321E+02
    21.560,  .17050E+02
    21.580,  .33900E+02
    21.600,  .73319E+02
    21.620,  .11305E+03
    21.640,  .12742E+03
    21.660,  .12891E+03
    21.680,  .11351E+03
    21.700,  .81231E+02
    21.720,  .53269E+02
    21.740,  .33610E+02
    21.760,  .34570E+02
    21.780,  .44190E+02
    21.800,  .35149E+02
    21.820,  .16550E+02
    21.840, -.50300E+01
    21.860, -.12690E+02
    21.880,  .95710E+01
    21.900,  .39280E+02
    21.920,  .53990E+02
    21.940,  .40421E+02
    21.960,  .18309E+02
    21.980,  .17080E+02
    22.000,  .18220E+02
    22.020,  .15870E+02
    22.040,  .16450E+02
    22.060,  .56100E+01
    22.080, -.34700E+01
    22.100, -.16300E+01
    22.120, -.15529E+02
    22.140, -.44091E+02
    22.160, -.51720E+02
    22.180, -.32910E+02
    22.200, -.68910E+01
    22.220,  .19321E+02
    22.240,  .35490E+02
    22.260,  .47670E+02
    22.280,  .73529E+02
    22.300,  .90100E+02
    22.320,  .75740E+02
    22.340,  .47800E+02
    22.360,  .30480E+02
    22.380,  .22390E+02
    22.400, -.33510E+01
    22.420, -.39000E+02
    22.440, -.52230E+02
    22.460, -.55210E+02
    22.480, -.71420E+02
    22.500, -.90650E+02
    22.520, -.10129E+03
    22.540, -.11141E+03
    22.560, -.11431E+03
    22.580, -.95590E+02
    22.600, -.72800E+02
    22.620, -.56041E+02
    22.640, -.32289E+02
    22.660, -.54600E+01
    22.680,  .10870E+02
    22.700,  .15910E+02
    22.720,  .15210E+02
    22.740, -.75800E+01
    22.760, -.54249E+02
    22.780, -.78330E+02
    22.800, -.68239E+02
    22.820, -.54540E+02
    22.840, -.46490E+02
    22.860, -.43250E+02
    22.880, -.45600E+02
    22.900, -.51880E+02
    22.920, -.49050E+02
    22.940, -.36470E+02
    22.960, -.33150E+02
    22.980, -.22910E+02
    23.000,  .40200E+01
    23.020,  .25760E+02
    23.040,  .41690E+02
    23.060,  .43760E+02
    23.080,  .23380E+02
    23.100,  .41400E+01
    23.120,  .22200E+01
    23.140,  .22200E+01
    23.160, -.17710E+02
    23.180, -.37030E+02
    23.200, -.28361E+02
    23.220, -.63290E+01
    23.240,  .18560E+02
    23.260,  .38060E+02
    23.280,  .43980E+02
    23.300,  .51400E+02
    23.320,  .58890E+02
    23.340,  .58990E+02
    23.360,  .63170E+02
    23.380,  .66820E+02
    23.400,  .60740E+02
    23.420,  .60240E+02
    23.440,  .67370E+02
    23.460,  .61540E+02
    23.480,  .49600E+02
    23.500,  .33540E+02
    23.520, -.12629E+02
    23.540, -.68812E+02
    23.560, -.98240E+02
    23.580, -.11044E+03
    23.600, -.11140E+03
    23.620, -.87551E+02
    23.640, -.49869E+02
    23.660, -.32170E+02
    23.680, -.41340E+02
    23.700, -.45740E+02
    23.720, -.25629E+02
    23.740, -.20200E+01
    23.760,  .36900E+01
    23.780,  .92500E+01
    23.800,  .25601E+02
    23.820,  .39390E+02
    23.840,  .54790E+02
    23.860,  .66950E+02
    23.880,  .63180E+02
    23.900,  .47900E+02
    23.920,  .33250E+02
    23.940,  .47979E+02
    23.960,  .69660E+02
    23.980,  .46179E+02
    24.000,  .19990E+02
    24.020,  .24530E+02
    24.040,  .15219E+02
    24.060, -.81900E+01
    24.080, -.18270E+02
    24.100, -.19610E+02
    24.120, -.21400E+02
    24.140, -.29310E+02
    24.160, -.31670E+02
    24.180, -.19620E+02
    24.200, -.14970E+02
    24.220, -.18140E+02
    24.240, -.20490E+02
    24.260, -.29700E+02
    24.280, -.16031E+02
    24.300,  .20441E+02
    24.320,  .27760E+02
    24.340,  .12560E+02
    24.360, -.78090E+01
    24.380, -.36641E+02
    24.400, -.52900E+02
    24.420, -.53050E+02
    24.440, -.43620E+02
    24.460, -.45571E+02
    24.480, -.74500E+02
    24.500, -.80350E+02
    24.520, -.44661E+02
    24.540, -.80990E+01
    24.560,  .51300E+01
    24.580, -.11160E+02
    24.600, -.29360E+02
    24.620, -.29300E+02
    24.640, -.27080E+02
    24.660, -.12540E+02
    24.680,  .22039E+02
    24.700,  .41220E+02
    24.720,  .29710E+02
    24.740,  .19210E+02
    24.760,  .16230E+02
    24.780,  .50100E+00
    24.800, -.12040E+02
    24.820, -.14550E+02
    24.840, -.16350E+02
    24.860,  .61900E+00
    24.880,  .32001E+02
    24.900,  .51670E+02
    24.920,  .51580E+02
    24.940,  .38370E+02
    24.960,  .30330E+02
    24.980,  .32860E+02
    25.000,  .37910E+02
    25.020,  .44580E+02
    25.040,  .44790E+02
    25.060,  .24919E+02
    25.080, -.35400E+01
    25.100, -.17900E+02
    25.120, -.23240E+02
    25.140, -.32360E+02
    25.160, -.54610E+02
    25.180, -.84160E+02
    25.200, -.84120E+02
    25.220, -.65530E+02
    25.240, -.61930E+02
    25.260, -.50930E+02
    25.280, -.36490E+02
    25.300, -.37060E+02
    25.320, -.33440E+02
    25.340, -.31610E+02
    25.360, -.34030E+02
    25.380, -.19989E+02
    25.400,  .33000E+00
    25.420,  .14520E+02
    25.440,  .24010E+02
    25.460,  .15619E+02
    25.480, -.86500E+01
    25.500, -.20980E+02
    25.520, -.18480E+02
    25.540, -.13070E+02
    25.560,  .52200E+01
    25.580,  .32910E+02
    25.600,  .40970E+02
    25.620,  .26839E+02
    25.640,  .21970E+02
    25.660,  .34360E+02
    25.680,  .44390E+02
    25.700,  .47470E+02
    25.720,  .41880E+02
    25.740,  .34590E+02
    25.760,  .48740E+02
    25.780,  .68460E+02
    25.800,  .57879E+02
    25.820,  .28000E+02
    25.840,  .12850E+02
    25.860,  .12660E+02
    25.880,  .87100E+01
    25.900,  .58200E+01
    25.920,  .13380E+02
    25.940,  .20680E+02
    25.960,  .14390E+02
    25.980,  .94000E+01
    26.000,  .26890E+02
    26.020,  .42080E+02
    26.040,  .35869E+02
    26.060,  .16149E+02
    26.080, -.18890E+02
    26.100, -.43720E+02
    26.120, -.46340E+02
    26.140, -.40750E+02
    26.160, -.14650E+02
    26.180,  .12580E+02
    26.200,  .19610E+02
    26.220,  .22480E+02
    26.240,  .18320E+02
    26.260,  .11170E+02
    26.280,  .63600E+01
    26.300,  .89000E+00
    26.320,  .80900E+01
    26.340,  .18270E+02
    26.360,  .20860E+02
    26.380,  .29970E+02
    26.400,  .41310E+02
    26.420,  .41100E+02
    26.440,  .34870E+02
    26.460,  .32490E+02
    26.480,  .32360E+02
    26.500,  .36790E+02
    26.520,  .46170E+02
    26.540,  .51840E+02
    26.560,  .53210E+02
    26.580,  .45690E+02
    26.600,  .32060E+02
    26.620,  .22370E+02
    26.640,  .11050E+02
    26.660,  .96200E+01
    26.680,  .28130E+02
    26.700,  .45869E+02
    26.720,  .46690E+02
    26.740,  .25740E+02
    26.760,  .42900E+01
    26.780,  .14629E+02
    26.800,  .31620E+02
    26.820,  .18020E+02
    26.840,  .58000E+00
    26.860,  .45900E+01
    26.880,  .12080E+02
    26.900,  .16530E+02
    26.920,  .19700E+02
    26.940,  .22940E+02
    26.960,  .30430E+02
    26.980,  .21600E+02
    27.000, -.11040E+02
    27.020, -.41169E+02
    27.040, -.45850E+02
    27.060, -.29190E+02
    27.080, -.19130E+02
    27.100, -.16660E+02
    27.120, -.16840E+02
    27.140, -.27690E+02
    27.160, -.31460E+02
    27.180, -.39650E+02
    27.200, -.59559E+02
    27.220, -.49429E+02
    27.240, -.11950E+02
    27.260,  .24539E+02
    27.280,  .44370E+02
    27.300,  .38770E+02
    27.320,  .27520E+02
    27.340,  .21770E+02
    27.360,  .24150E+02
    27.380,  .31150E+02
    27.400,  .18180E+02
    27.420, -.10300E+02
    27.440, -.24980E+02
    27.460, -.15899E+02
    27.480, -.14800E+01
    27.500,  .30100E+01
    27.520,  .44700E+01
    27.540,  .22500E+01
    27.560,  .65800E+01
    27.580,  .30030E+02
    27.600,  .48480E+02
    27.620,  .42119E+02
    27.640,  .23110E+02
    27.660,  .20030E+02
    27.680,  .31610E+02
    27.700,  .24921E+02
    27.720,  .76800E+01
    27.740,  .83100E+01
    27.760,  .21750E+02
    27.780,  .20840E+02
    27.800, -.25010E+01
    27.820, -.20760E+02
    27.840, -.32730E+02
    27.860, -.46040E+02
    27.880, -.29789E+02
    27.900, -.32500E+01
    27.920, -.14640E+02
    27.940, -.32190E+02
    27.960, -.21979E+02
    27.980, -.11970E+02
    28.000, -.11170E+02
    28.020, -.13170E+02
    28.040, -.31641E+02
    28.060, -.58820E+02
    28.080, -.77250E+02
    28.100, -.74870E+02
    28.120, -.45708E+02
    28.140, -.14289E+02
    28.160,  .88100E+01
    28.180,  .27880E+02
    28.200,  .31060E+02
    28.220,  .31870E+02
    28.240,  .42690E+02
    28.260,  .43870E+02
    28.280,  .39900E+02
    28.300,  .59731E+02
    28.320,  .82080E+02
    28.340,  .66030E+02
    28.360,  .53530E+02
    28.380,  .72311E+02
    28.400,  .67470E+02
    28.420,  .41820E+02
    28.440,  .31320E+02
    28.460,  .24270E+02
    28.480,  .13740E+02
    28.500, -.20100E+01
    28.520, -.14860E+02
    28.540, -.94500E+01
    28.560, -.49500E+01
    28.580, -.16920E+02
    28.600, -.27450E+02
    28.620, -.33760E+02
    28.640, -.54971E+02
    28.660, -.76800E+02
    28.680, -.82800E+02
    28.700, -.88780E+02
    28.720, -.79560E+02
    28.740, -.51800E+02
    28.760, -.47860E+02
    28.780, -.60610E+02
    28.800, -.56200E+02
    28.820, -.41850E+02
    28.840, -.37390E+02
    28.860, -.41230E+02
    28.880, -.35960E+02
    28.900, -.20380E+02
    28.920, -.27800E+01
    28.940,  .83800E+01
    28.960, -.10210E+01
    28.980, -.16850E+02
    29.000, -.13620E+02
    29.020, -.11600E+01
    29.040,  .23000E+01
    29.060,  .50900E+01
    29.080,  .14490E+02
    29.100,  .87300E+01
    29.120, -.14091E+02
    29.140, -.22410E+02
    29.160, -.20060E+02
    29.180, -.32460E+02
    29.200, -.48621E+02
    29.220, -.49530E+02
    29.240, -.41220E+02
    29.260, -.30780E+02
    29.280, -.19500E+02
    29.300, -.25220E+02
    29.320, -.56870E+02
    29.340, -.82430E+02
    29.360, -.79820E+02
    29.380, -.69380E+02
    29.400, -.59270E+02
    29.420, -.34910E+02
    29.440, -.45210E+01
    29.460,  .12910E+02
    29.480,  .18400E+02
    29.500,  .17650E+02
    29.520,  .91600E+01
    29.540, -.29000E+00
    29.560, -.40300E+01
    29.580, -.15120E+02
    29.600, -.27010E+02
    29.620, -.58290E+01
    29.640,  .36831E+02
    29.660,  .57800E+02
    29.680,  .57970E+02
    29.700,  .56430E+02
    29.720,  .40369E+02
    29.740,  .27900E+01
    29.760, -.30029E+02
    29.780, -.39740E+02
    29.800, -.25139E+02
    29.820,  .91000E+00
    29.840,  .14950E+02
    29.860,  .19930E+02
    29.880,  .15580E+02
    29.900, -.83300E+01
    29.920, -.31130E+02
    29.940, -.43520E+02
    29.960, -.44320E+02
    29.980, -.26920E+02
    30.000, -.76100E+01
    30.020,  .74200E+01
    30.040,  .15960E+02
    30.060,  .22240E+02
    30.080,  .41570E+02
    30.100,  .51490E+02
    30.120,  .41759E+02
    30.140,  .29050E+02
    30.160,  .14210E+02
    30.180,  .96900E+01
    30.200,  .24791E+02
    30.220,  .53541E+02
    30.240,  .80200E+02
    30.260,  .84990E+02
    30.280,  .77040E+02
    30.300,  .70870E+02
    30.320,  .73520E+02
    30.340,  .70250E+02
    30.360,  .30932E+02
    30.380, -.12851E+02
    30.400, -.24410E+02
    30.420, -.17630E+02
    30.440,  .44900E+00
    30.460,  .17540E+02
    30.480,  .23650E+02
    30.500,  .22130E+02
    30.520,  .11720E+02
    30.540,  .10680E+02
    30.560,  .17210E+02
    30.580,  .45400E+01
    30.600, -.11050E+02
    30.620, -.32590E+01
    30.640,  .14790E+02
    30.660,  .23550E+02
    30.680,  .25870E+02
    30.700,  .30110E+02
    30.720,  .37200E+02
    30.740,  .40990E+02
    30.760,  .31970E+02
    30.780,  .20620E+02
    30.800,  .17800E+02
    30.820,  .89200E+01
    30.840, -.47600E+01
    30.860, -.89200E+01
    30.880, -.64800E+01
    30.900,  .26800E+01
    30.920,  .15060E+02
    30.940,  .11570E+02
    30.960, -.59510E+01
    30.980, -.14180E+02
    31.000, -.91100E+01
    31.020,  .58390E+01
    31.040,  .32401E+02
    31.060,  .52350E+02
    31.080,  .57110E+02
    31.100,  .59810E+02
    31.120,  .54910E+02
    31.140,  .48230E+02
    31.160,  .59710E+02
    31.180,  .66130E+02
    31.200,  .49719E+02
    31.220,  .37030E+02
    31.240,  .35280E+02
    31.260,  .34150E+02
    31.280,  .29281E+02
    31.300,  .73590E+01
    31.320, -.19040E+02
    31.340, -.25510E+02
    31.360, -.24650E+02
    31.380, -.29310E+02
    31.400, -.32790E+02
    31.420, -.23460E+02
    31.440, -.22210E+01
    31.460,  .32100E+01
    31.480, -.11330E+02
    31.500, -.23650E+02
    31.520, -.35820E+02
    31.540, -.52871E+02
    31.560, -.68110E+02
    31.580, -.80030E+02
    31.600, -.94140E+02
    31.620, -.10426E+03
    31.640, -.84259E+02
    31.660, -.46000E+02
    31.680, -.31960E+02
    31.700, -.32300E+02
    31.720, -.20060E+02
    31.740, -.42000E+01
    31.760,  .10990E+02
    31.780,  .28679E+02
    31.800,  .38220E+02
    31.820,  .41030E+02
    31.840,  .44010E+02
    31.860,  .40920E+02
    31.880,  .38390E+02
    31.900,  .43480E+02
    31.920,  .46250E+02
    31.940,  .45020E+02
    31.960,  .40430E+02
    31.980,  .28980E+02
    32.000,  .89700E+01
    32.020, -.10450E+02
    32.040, -.82600E+01
    32.060,  .46000E+00
    32.080, -.71410E+01
    32.100, -.18091E+02
    32.120, -.34721E+02
    32.140, -.46600E+02
    32.160, -.29420E+02
    32.180, -.14820E+02
    32.200, -.25489E+02
    32.220, -.40489E+02
    32.240, -.43810E+02
    32.260, -.27889E+02
    32.280, -.92790E+01
    32.300, -.10900E+01
    32.320,  .13510E+02
    32.340,  .28370E+02
    32.360,  .27560E+02
    32.380,  .26550E+02
    32.400,  .39169E+02
    32.420,  .55741E+02
    32.440,  .61010E+02
    32.460,  .51420E+02
    32.480,  .39530E+02
    32.500,  .35300E+02
    32.520,  .29020E+02
    32.540,  .19930E+02
    32.560,  .23830E+02
    32.580,  .25199E+02
    32.600,  .14380E+01
    32.620, -.23381E+02
    32.640, -.27490E+02
    32.660, -.30230E+02
    32.680, -.41480E+02
    32.700, -.41880E+02
    32.720, -.30011E+02
    32.740, -.21989E+02
    32.760, -.10759E+02
    32.780,  .11321E+02
    32.800,  .33670E+02
    32.820,  .49330E+02
    32.840,  .53040E+02
    32.860,  .46710E+02
    32.880,  .40950E+02
    32.900,  .40880E+02
    32.920,  .40140E+02
    32.940,  .23169E+02
    32.960,  .57200E+01
    32.980,  .14230E+02
    33.000,  .25580E+02
    33.020,  .23120E+02
    33.040,  .21010E+02
    33.060,  .22740E+02
    33.080,  .30681E+02
    33.100,  .36220E+02
    33.120,  .33480E+02
    33.140,  .38950E+02
    33.160,  .50810E+02
    33.180,  .53980E+02
    33.200,  .37721E+02
    33.220,  .57120E+01
    33.240, -.17292E+02
    33.260, -.30411E+02
    33.280, -.38910E+02
    33.300, -.36050E+02
    33.320, -.44500E+02
    33.340, -.65740E+02
    33.360, -.70180E+02
    33.380, -.65770E+02
    33.400, -.61321E+02
    33.420, -.46289E+02
    33.440, -.31659E+02
    33.460, -.24580E+02
    33.480, -.17520E+02
    33.500, -.93200E+01
    33.520,  .44590E+01
    33.540,  .20259E+02
    33.560,  .23740E+02
    33.580,  .12739E+02
    33.600, -.85310E+01
    33.620, -.23220E+02
    33.640, -.17810E+02
    33.660, -.14820E+02
    33.680, -.20150E+02
    33.700, -.17450E+02
    33.720, -.17760E+02
    33.740, -.19870E+02
    33.760, -.10419E+02
    33.780,  .30410E+01
    33.800,  .18360E+02
    33.820,  .22290E+02
    33.840, -.26690E+01
    33.860, -.29969E+02
    33.880, -.30251E+02
    33.900, -.18481E+02
    33.920, -.19110E+02
    33.940, -.29121E+02
    33.960, -.35170E+02
    33.980, -.34580E+02
    34.000, -.30160E+02
    34.020, -.32470E+02
    34.040, -.41759E+02
    34.060, -.44920E+02
    34.080, -.48870E+02
    34.100, -.58021E+02
    34.120, -.67370E+02
    34.140, -.82160E+02
    34.160, -.89600E+02
    34.180, -.80950E+02
    34.200, -.64981E+02
    34.220, -.48511E+02
    34.240, -.56972E+02
    34.260, -.83022E+02
    34.280, -.88560E+02
    34.300, -.80260E+02
    34.320, -.59730E+02
    34.340, -.27751E+02
    34.360, -.91510E+01
    34.380,  .96890E+01
    34.400,  .29539E+02
    34.420,  .29310E+02
    34.440,  .27370E+02
    34.460,  .29240E+02
    34.480,  .24310E+02
    34.500,  .19360E+02
    34.520,  .20590E+02
    34.540,  .26900E+02
    34.560,  .25071E+02
    34.580,  .13479E+02
    34.600,  .30090E+01
    34.620, -.72600E+01
    34.640, -.13440E+02
    34.660, -.10690E+02
    34.680, -.45800E+01
    34.700, -.32400E+01
    34.720, -.20500E+01
    34.740,  .58910E+01
    34.760,  .91900E+01
    34.780,  .14690E+02
    34.800,  .22000E+02
    34.820,  .14330E+02
    34.840,  .19570E+02
    34.860,  .32630E+02
    34.880,  .16212E+02
    34.900, -.54980E+01
    34.920, -.14260E+02
    34.940, -.15870E+02
    34.960, -.95400E+01
    34.980, -.44500E+01
    35.000, -.38000E+00
    35.020,  .42100E+01
    35.040,  .14519E+02
    35.060,  .30819E+02
    35.080,  .35580E+02
    35.100,  .36120E+02
    35.120,  .36530E+02
    35.140,  .24330E+02
    35.160,  .67900E+01
    35.180, -.64900E+01
    35.200, -.60800E+01
    35.220,  .71090E+01
    35.240,  .17631E+02
    35.260,  .14929E+02
    35.280, -.10510E+01
    35.300, -.63700E+01
    35.320,  .58000E+00
    35.340, -.46300E+01
    35.360, -.18210E+01
    35.380,  .24318E+02
    35.400,  .43699E+02
    35.420,  .45860E+02
    35.440,  .49740E+02
    35.460,  .54930E+02
    35.480,  .47530E+02
    35.500,  .43470E+02
    35.520,  .45530E+02
    35.540,  .22972E+02
    35.560, -.11337E+02
    35.580, -.25551E+02
    35.600, -.29860E+02
    35.620, -.37590E+02
    35.640, -.45110E+02
    35.660, -.51320E+02
    35.680, -.55450E+02
    35.700, -.51250E+02
    35.720, -.38901E+02
    35.740, -.26179E+02
    35.760, -.15089E+02
    35.780, -.36190E+01
    35.800,  .80800E+01
    35.820,  .12160E+02
    35.840,  .76300E+01
    35.860,  .96400E+01
    35.880,  .16230E+02
    35.900,  .18070E+02
    35.920,  .20020E+02
    35.940,  .16960E+02
    35.960,  .46000E+01
    35.980, -.74800E+01
    36.000, -.92000E+01
    36.020,  .36000E+00
    36.040,  .24200E+01
    36.060, -.12159E+02
    36.080, -.26901E+02
    36.100, -.34530E+02
    36.120, -.37460E+02
    36.140, -.39420E+02
    36.160, -.47040E+02
    36.180, -.51220E+02
    36.200, -.43281E+02
    36.220, -.32661E+02
    36.240, -.25460E+02
    36.260, -.23920E+02
    36.280, -.23130E+02
    36.300, -.11480E+02
    36.320,  .28500E+01
    36.340,  .11000E+02
    36.360,  .13960E+02
    36.380,  .63610E+01
    36.400,  .90000E+00
    36.420,  .12511E+02
    36.440,  .29321E+02
    36.460,  .37610E+02
    36.480,  .33550E+02
    36.500,  .26040E+02
    36.520,  .23690E+02
    36.540,  .22700E+02
    36.560,  .26829E+02
    36.580,  .33370E+02
    36.600,  .25969E+02
    36.620,  .54190E+01
    36.640, -.85300E+01
    36.660, -.27700E+01
    36.680,  .13219E+02
    36.700,  .24820E+02
    36.720,  .21661E+02
    36.740,  .34800E+00
    36.760, -.21141E+02
    36.780, -.29940E+02
    36.800, -.26970E+02
    36.820, -.16170E+02
    36.840, -.13600E+02
    36.860, -.25029E+02
    36.880, -.44119E+02
    36.900, -.56320E+02
    36.920, -.46009E+02
    36.940, -.31499E+02
    36.960, -.24320E+02
    36.980, -.17610E+02
    37.000, -.19090E+02
    37.020, -.20200E+02
    37.040, -.13451E+02
    37.060, -.17210E+01
    37.080,  .13561E+02
    37.100,  .13380E+02
    37.120,  .56500E+01
    37.140,  .74300E+01
    37.160,  .41900E+01
    37.180, -.29700E+01
    37.200, -.58200E+01
    37.220, -.36100E+00
    37.240,  .12391E+02
    37.260,  .17100E+02
    37.280,  .15250E+02
    37.300,  .46800E+01
    37.320, -.10640E+02
    37.340, -.66600E+01
    37.360,  .69590E+01
    37.380,  .21679E+02
    37.400,  .40628E+02
    37.420,  .48540E+02
    37.440,  .49060E+02
    37.460,  .44660E+02
    37.480,  .29800E+02
    37.500,  .15260E+02
    37.520, -.10900E+00
    37.540, -.20379E+02
    37.560, -.36579E+02
    37.580, -.37370E+02
    37.600, -.27740E+02
    37.620, -.32640E+02
    37.640, -.50520E+02
    37.660, -.58080E+02
    37.680, -.53760E+02
    37.700, -.50070E+02
    37.720, -.49930E+02
    37.740, -.37628E+02
    37.760, -.11408E+02
    37.780,  .72010E+01
    37.800,  .16330E+02
    37.820,  .28270E+02
    37.840,  .41770E+02
    37.860,  .45300E+02
    37.880,  .37421E+02
    37.900,  .29469E+02
    37.920,  .17889E+02
    37.940,  .14390E+01
    37.960, -.53700E+01
    37.980, -.66800E+01
    38.000, -.77800E+01
    38.020, -.70300E+01
    38.040, -.17889E+02
    38.060, -.31359E+02
    38.080, -.28890E+02
    38.100, -.26360E+02
    38.120, -.24660E+02
    38.140, -.12470E+02
    38.160, -.75700E+01
    38.180, -.11830E+02
    38.200, -.13800E+02
    38.220, -.20839E+02
    38.240, -.30350E+02
    38.260, -.26159E+02
    38.280, -.40390E+01
    38.300,  .15800E+02
    38.320,  .17410E+02
    38.340,  .12440E+02
    38.360,  .37710E+01
    38.380, -.10659E+02
    38.400, -.17060E+02
    38.420, -.89190E+01
    38.440,  .63000E+00
    38.460, -.49700E+01
    38.480, -.97100E+01
    38.500, -.20000E+00
    38.520,  .14900E+01
    38.540,  .89000E+00
    38.560,  .83900E+01
    38.580,  .59900E+01
    38.600, -.22300E+01
    38.620, -.50400E+01
    38.640, -.16800E+01
    38.660,  .45700E+01
    38.680,  .17200E+01
    38.700, -.82990E+01
    38.720, -.13400E+02
    38.740, -.10180E+02
    38.760, -.50000E+01
    38.780, -.49600E+01
    38.800, -.78000E+01
    38.820, -.14360E+02
    38.840, -.25060E+02
    38.860, -.33800E+02
    38.880, -.38520E+02
    38.900, -.38580E+02
    38.920, -.35700E+02
    38.940, -.32540E+02
    38.960, -.28210E+02
    38.980, -.21990E+02
    39.000, -.16810E+02
    39.020, -.14320E+02
    39.040, -.99300E+01
    39.060, -.32710E+01
    39.080,  .81210E+01
    39.100,  .23441E+02
    39.120,  .26370E+02
    39.140,  .21710E+02
    39.160,  .29560E+02
    39.180,  .44620E+02
    39.200,  .46300E+02
    39.220,  .33751E+02
    39.240,  .31410E+02
    39.260,  .36200E+02
    39.280,  .29260E+02
    39.300,  .24420E+02
    39.320,  .24110E+02
    39.340,  .21070E+02
    39.360,  .23500E+02
    39.380,  .22580E+02
    39.400,  .67180E+01
    39.420, -.14401E+02
    39.440, -.25590E+02
    39.460, -.26240E+02
    39.480, -.22270E+02
    39.500, -.19320E+02
    39.520, -.28290E+02
    39.540, -.36500E+02
    39.560, -.38859E+02
    39.580, -.59372E+02
    39.600, -.80731E+02
    39.620, -.80170E+02
    39.640, -.73960E+02
    39.660, -.64700E+02
    39.680, -.49461E+02
    39.700, -.36731E+02
    39.720, -.25521E+02
    39.740, -.91480E+01
    39.760,  .95910E+01
    39.780,  .20900E+02
    39.800,  .24660E+02
    39.820,  .27460E+02
    39.840,  .31220E+02
    39.860,  .31490E+02
    39.880,  .29600E+02
    39.900,  .32270E+02
    39.920,  .30810E+02
    39.940,  .26910E+02
    39.960,  .30560E+02
    39.980,  .27220E+02
    40.000,  .18670E+02
    40.020,  .19760E+02
    40.040,  .18490E+02
    40.060,  .10081E+02
    40.080,  .62400E+01
    40.100,  .28300E+01
    40.120, -.37900E+01
    40.140, -.20600E+01
    40.160, -.20000E+01
    40.180, -.16309E+02
    40.200, -.25960E+02
    40.220, -.31509E+02
    40.240, -.44951E+02
    40.260, -.49920E+02
    40.280, -.44880E+02
    40.300, -.44560E+02
    40.320, -.43710E+02
    40.340, -.33500E+02
    40.360, -.18561E+02
    40.380, -.97100E+00
    40.400,  .14011E+02
    40.420,  .12180E+02
    40.440,  .33300E+01
    40.460, -.97000E+00
    40.480, -.58000E+01
    40.500, -.25700E+01
    40.520,  .37400E+01
    40.540,  .26000E+01
    40.560,  .72000E+00
    40.580, -.76110E+01
    40.600, -.16870E+02
    40.620, -.17230E+02
    40.640, -.24120E+02
    40.660, -.33550E+02
    40.680, -.26900E+02
    40.700, -.16480E+02
    40.720, -.15110E+02
    40.740, -.10659E+02
    40.760, -.13990E+01
    40.780,  .85900E+01
    40.800,  .19920E+02
    40.820,  .21100E+02
    40.840,  .18900E+02
    40.860,  .27140E+02
    40.880,  .33030E+02
    40.900,  .25909E+02
    40.920,  .25511E+02
    40.940,  .51111E+02
    40.960,  .50190E+02
    40.980,  .23100E+01
    41.000, -.85200E+01
    41.020,  .12269E+02
    41.040,  .10180E+02
    41.060,  .11470E+02
    41.080,  .12570E+02
    41.100,  .36100E+01
    41.120, -.70000E-01
    41.140, -.80900E+01
    41.160, -.14880E+02
    41.180, -.14620E+02
    41.200, -.92200E+01
    41.220, -.42100E+00
    41.240, -.99000E+00
    41.260, -.49700E+01
    41.280, -.43200E+01
    41.300, -.12900E+01
    41.320,  .34500E+01
    41.340,  .87800E+01
    41.360,  .10530E+02
    41.380,  .25910E+01
    41.400,  .15000E+01
    41.420,  .90800E+01
    41.440,  .94900E+01
    41.460,  .17660E+02
    41.480,  .32980E+02
    41.500,  .44860E+02
    41.520,  .48770E+02
    41.540,  .31071E+02
    41.560,  .13011E+02
    41.580,  .10690E+02
    41.600,  .11350E+02
    41.620,  .15930E+02
    41.640,  .20180E+02
    41.660,  .19620E+02
    41.680,  .19660E+02
    41.700,  .23140E+02
    41.720,  .23590E+02
    41.740,  .15980E+02
    41.760,  .19070E+02
    41.780,  .30270E+02
    41.800,  .23880E+02
    41.820,  .70800E+01
    41.840,  .12900E+01
    41.860,  .15329E+02
    41.880,  .33329E+02
    41.900,  .32759E+02
    41.920,  .24679E+02
    41.940,  .21200E+02
    41.960,  .11430E+02
    41.980, -.17000E+00
    42.000,  .36200E+01
    42.020,  .13050E+02
    42.040,  .12630E+02
    42.060,  .11190E+02
    42.080,  .13140E+02
    42.100,  .13180E+02
    42.120,  .10700E+02
    42.140,  .66600E+01
    42.160,  .70000E+00
    42.180, -.88000E+01
    42.200, -.14970E+02
    42.220, -.13800E+02
    42.240, -.65590E+01
    42.260,  .30100E+01
    42.280,  .17300E+01
    42.300,  .56000E+00
    42.320,  .10270E+02
    42.340,  .12940E+02
    42.360,  .64500E+01
    42.380, -.24200E+01
    42.400, -.17890E+01
    42.420,  .14541E+02
    42.440,  .23530E+02
    42.460,  .20380E+02
    42.480,  .15290E+02
    42.500,  .11130E+02
    42.520,  .11820E+02
    42.540,  .11790E+02
    42.560,  .14110E+02
    42.580,  .19880E+02
    42.600,  .18110E+02
    42.620,  .14440E+02
    42.640,  .17990E+02
    42.660,  .26850E+02
    42.680,  .30920E+02
    42.700,  .26940E+02
    42.720,  .24930E+02
    42.740,  .23310E+02
    42.760,  .17090E+02
    42.780,  .11000E+02
    42.800,  .84500E+01
    42.820,  .92200E+01
    42.840,  .12810E+02
    42.860,  .15330E+02
    42.880,  .78510E+01
    42.900, -.42210E+01
    42.920, -.11000E+02
    42.940, -.15040E+02
    42.960, -.14980E+02
    42.980, -.14010E+02
    43.000, -.15150E+02
    43.020, -.12710E+02
    43.040, -.61410E+01
    43.060,  .80000E-01
    43.080, -.46410E+01
    43.100, -.14220E+02
    43.120, -.19330E+02
    43.140, -.28440E+02
    43.160, -.25010E+02
    43.180, -.59510E+01
    43.200, -.23900E+01
    43.220, -.90700E+01
    43.240, -.69600E+01
    43.260, -.19000E-01
    43.280,  .10810E+02
    43.300,  .24380E+02
    43.320,  .26240E+02
    43.340,  .17780E+02
    43.360,  .19760E+02
    43.380,  .29289E+02
    43.400,  .40011E+02
    43.420,  .51110E+02
    43.440,  .44489E+02
    43.460,  .27440E+02
    43.480,  .17100E+02
    43.500,  .89800E+01
    43.520,  .41900E+01
    43.540,  .25000E+01
    43.560,  .24400E+01
    43.580, -.12100E+01
    43.600, -.96300E+01
    43.620, -.99500E+01
    43.640, -.12860E+02
    43.660, -.21680E+02
    43.680, -.21480E+02
    43.700, -.23840E+02
    43.720, -.27650E+02
    43.740, -.20059E+02
    43.760, -.12660E+02
    43.780, -.10050E+02
    43.800, -.28000E+01
    43.820,  .10810E+02
    43.840,  .17700E+02
    43.860,  .10870E+02
    43.880,  .92700E+01
    43.900,  .19351E+02
    43.920,  .21750E+02
    43.940,  .16580E+02
    43.960,  .16620E+02
    43.980,  .18380E+02
    44.000,  .19110E+02
    44.020,  .18750E+02
    44.040,  .18290E+02
    44.060,  .26289E+02
    44.080,  .35010E+02
    44.100,  .29610E+02
    44.120,  .17820E+02
    44.140,  .14190E+02
    44.160,  .11730E+02
    44.180, -.35690E+01
    44.200, -.12640E+02
    44.220, -.40010E+01
    44.240, -.19800E+01
    44.260, -.34500E+01
    44.280,  .32500E+01
    44.300,  .57800E+01
    44.320,  .44000E+01
    44.340,  .60900E+01
    44.360,  .94400E+01
    44.380,  .47010E+01
    44.400, -.60110E+01
    44.420, -.22490E+01
    44.440,  .85700E+01
    44.460,  .68300E+01
    44.480,  .39000E+00
    44.500,  .15000E+01
    44.520,  .77600E+01
    44.540,  .14869E+02
    44.560,  .25291E+02
    44.580,  .30140E+02
    44.600,  .24100E+02
    44.620,  .20310E+02
    44.640,  .20270E+02
    44.660,  .22320E+02
    44.680,  .23240E+02
    44.700,  .14851E+02
    44.720,  .43610E+01
    44.740, -.51910E+01
    44.760, -.10840E+02
    44.780, -.67800E+01
    44.800, -.21100E+01
    44.820, -.18900E+01
    44.840, -.91600E+01
    44.860, -.17760E+02
    44.880, -.17400E+02
    44.900, -.19770E+02
    44.920, -.21470E+02
    44.940, -.13550E+02
    44.960, -.85700E+01
    44.980, -.20500E+01
    45.000,  .81800E+01
    45.020,  .57400E+01
    45.040, -.16400E+01
    45.060, -.69000E+00
    45.080, -.49110E+01
    45.100, -.15700E+02
    45.120, -.13670E+02
    45.140, -.57100E+01
    45.160, -.63800E+01
    45.180, -.46500E+01
    45.200,  .37600E+01
    45.220,  .47500E+01
    45.240, -.53610E+01
    45.260, -.10220E+02
    45.280, -.54700E+01
    45.300, -.66500E+01
    45.320, -.10290E+02
    45.340, -.10540E+02
    45.360, -.10270E+02
    45.380,  .14790E+01
    45.400,  .12450E+02
    45.420,  .56290E+01
    45.440, -.69000E+00
    45.460, -.24100E+01
    45.480, -.65100E+01
    45.500, -.91400E+01
    45.520, -.10590E+02
    45.540, -.98100E+00
    45.560,  .13631E+02
    45.580,  .15240E+02
    45.600,  .16920E+02
    45.620,  .19040E+02
    45.640,  .12630E+02
    45.660,  .10190E+02
    45.680,  .59600E+01
    45.700, -.32500E+01
    45.720, -.41700E+01
    45.740, -.18400E+01
    45.760, -.11100E+01
    45.780, -.15700E+01
    45.800, -.47800E+01
    45.820, -.67100E+01
    45.840, -.10610E+02
    45.860, -.19789E+02
    45.880, -.24790E+02
    45.900, -.15069E+02
    45.920,  .47410E+01
    45.940,  .17750E+02
    45.960,  .17420E+02
    45.980,  .94800E+01
    46.000,  .42000E+01
    46.020,  .67800E+01
    46.040,  .61400E+01
    46.060, -.38210E+01
    46.080, -.13070E+02
    46.100, -.13270E+02
    46.120, -.81100E+01
    46.140, -.59400E+01
    46.160, -.79000E+00
    46.180,  .11100E+02
    46.200,  .12990E+02
    46.220,  .79100E+00
    46.240, -.11291E+02
    46.260, -.15120E+02
    46.280, -.65600E+01
    46.300,  .87900E+01
    46.320,  .17630E+02
    46.340,  .21000E+02
    46.360,  .24410E+02
    46.380,  .28200E+02
    46.400,  .29180E+02
    46.420,  .21589E+02
    46.440,  .17200E+02
    46.460,  .20290E+02
    46.480,  .13050E+02
    46.500,  .38500E+01
    46.520,  .42200E+01
    46.540,  .27200E+01
    46.560,  .73000E+00
    46.580,  .27300E+01
    46.600,  .55900E+01
    46.620,  .85200E+01
    46.640,  .10030E+02
    46.660,  .73400E+01
    46.680,  .66000E+00
    46.700, -.14200E+01
    46.720, -.11000E+00
    46.740,  .35000E+00
    46.760,  .45800E+01
    46.780,  .55300E+01
    46.800,  .59900E+01
    46.820,  .98000E+01
    46.840,  .96200E+01
    46.860,  .12020E+02
    46.880,  .76810E+01
    46.900, -.20600E+01
    46.920,  .36600E+01
    46.940,  .72200E+01
    46.960,  .37700E+01
    46.980,  .58400E+01
    47.000,  .91000E+00
    47.020, -.72300E+01
    47.040, -.60300E+01
    47.060,  .58100E+00
    47.080,  .25900E+01
    47.100,  .22100E+01
    47.120,  .10860E+02
    47.140,  .15890E+02
    47.160,  .14910E+02
    47.180,  .23320E+02
    47.200,  .29270E+02
    47.220,  .28020E+02
    47.240,  .32010E+02
    47.260,  .39530E+02
    47.280,  .41870E+02
    47.300,  .35780E+02
    47.320,  .27850E+02
    47.340,  .18560E+02
    47.360,  .59810E+01
    47.380,  .12800E+01
    47.400,  .32000E+01
    47.420,  .16000E+00
    47.440, -.40000E+01
    47.460, -.44500E+01
    47.480, -.44200E+01
    47.500, -.38000E+00
    47.520,  .72900E+01
    47.540,  .91500E+01
    47.560,  .69300E+01
    47.580,  .29900E+00
    47.600, -.10400E+02
    47.620, -.73600E+01
    47.640,  .50200E+01
    47.660,  .74200E+01
    47.680,  .36500E+01
    47.700, -.29790E+01
    47.720, -.12639E+02
    47.740, -.20160E+02
    47.760, -.25370E+02
    47.780, -.22520E+02
    47.800, -.11760E+02
    47.820, -.80700E+01
    47.840, -.88200E+01
    47.860, -.15010E+01
    47.880,  .65190E+01
    47.900,  .85900E+01
    47.920,  .11460E+02
    47.940,  .16550E+02
    47.960,  .17570E+02
    47.980,  .13860E+02
    48.000,  .14790E+02
    48.020,  .21440E+02
    48.040,  .21680E+02
    48.060,  .11919E+02
    48.080,  .29400E+01
    48.100,  .22600E+01
    48.120,  .20000E+00
    48.140, -.38400E+01
    48.160,  .49000E+01
    48.180,  .15250E+02
    48.200,  .13870E+02
    48.220,  .87110E+01
    48.240,  .83900E+00
    48.260, -.55700E+01
    48.280, -.63700E+01
    48.300, -.46600E+01
    48.320,  .19100E+01
    48.340,  .76800E+01
    48.360,  .52300E+01
    48.380, -.54990E+01
    48.400, -.18421E+02
    48.420, -.23030E+02
    48.440, -.23900E+02
    48.460, -.26690E+02
    48.480, -.27770E+02
    48.500, -.29050E+02
    48.520, -.31360E+02
    48.540, -.30300E+02
    48.560, -.22429E+02
    48.580, -.17560E+02
    48.600, -.23810E+02
    48.620, -.28820E+02
    48.640, -.26140E+02
    48.660, -.19250E+02
    48.680, -.13170E+02
    48.700, -.77210E+01
    48.720,  .43690E+01
    48.740,  .74600E+01
    48.760, -.50610E+01
    48.780, -.11080E+02
    48.800, -.74500E+01
    48.820, -.42000E+00
    48.840,  .44300E+01
    48.860,  .64900E+01
    48.880,  .16169E+02
    48.900,  .23500E+02
    48.920,  .22510E+02
    48.940,  .19770E+02
    48.960,  .12690E+02
    48.980,  .88100E+01
    49.000,  .27300E+01
    49.020, -.84400E+01
    49.040, -.28110E+01
    49.060,  .95010E+01
    49.080,  .12890E+02
    49.100,  .10030E+02
    49.120, -.86800E+01
    49.140, -.30230E+02
    49.160, -.36870E+02
    49.180, -.36200E+02
    49.200, -.29821E+02
    49.220, -.23990E+02
    49.240, -.24050E+02
    49.260, -.21010E+02
    49.280, -.16290E+02
    49.300, -.14870E+02
    49.320, -.14280E+02
    49.340, -.11740E+02
    49.360, -.14500E+02
    49.380, -.24849E+02
    49.400, -.24180E+02
    49.420, -.18700E+02
    49.440, -.23660E+02
    49.460, -.19030E+02
    49.480, -.41800E+01
    49.500,  .42900E+01
    49.520,  .12680E+02
    49.540,  .20640E+02
    49.560,  .20400E+02
    49.580,  .13029E+02
    49.600,  .59300E+01
    49.620,  .57300E+01
    49.640,  .58200E+01
    49.660,  .19000E+01
    49.680, -.27200E+01
    49.700, -.10719E+02
    49.720, -.17870E+02
    49.740, -.15140E+02
    49.760, -.10660E+02
    49.780, -.13270E+02
    49.800, -.16200E+02
    49.820, -.17860E+02
    49.840, -.17560E+02
    49.860, -.96810E+01
    49.880,  .10690E+01
    49.900,  .11241E+02
    49.920,  .15020E+02
    49.940,  .94800E+01
    49.960,  .68700E+01
    49.980,  .19200E+01
    50.000, -.89500E+01
    50.020, -.11660E+02
    50.040, -.11030E+02
    50.060, -.11530E+02
    50.080, -.13160E+02
    50.100, -.19520E+02
    50.120, -.16470E+02
    50.140, -.61800E+01
    50.160, -.11830E+02
    50.180, -.25759E+02
    50.200, -.26240E+02
    50.220, -.19331E+02
    50.240, -.16930E+02
    50.260, -.14960E+02
    50.280, -.11990E+02
    50.300, -.10040E+02
    50.320, -.90500E+01
    50.340, -.10410E+02
    50.360, -.11970E+02
    50.380, -.14090E+02
    50.400, -.16370E+02
    50.420, -.16740E+02
    50.440, -.15600E+02
    50.460, -.10030E+02
    50.480, -.10070E+02
    50.500, -.20730E+02
    50.520, -.20930E+02
    50.540, -.52110E+01
    50.560,  .11821E+02
    50.580,  .21120E+02
    50.600,  .21880E+02
    50.620,  .18070E+02
    50.640,  .92300E+01
    50.660,  .22900E+01
    50.680,  .72300E+01
    50.700,  .12740E+02
    50.720,  .78410E+01
    50.740, -.90100E+00
    50.760, -.76800E+01
    50.780, -.90400E+01
    50.800, -.49400E+01
    50.820, -.87300E+01
    50.840, -.21649E+02
    50.860, -.28160E+02
    50.880, -.27990E+02
    50.900, -.22749E+02
    50.920, -.11769E+02
    50.940, -.38800E+01
    50.960,  .95000E+00
    50.980,  .35200E+01
    51.000,  .84000E+00
    51.020, -.58000E+01
    51.040, -.11850E+02
    51.060, -.10410E+02
    51.080, -.97000E+01
    51.100, -.13390E+02
    51.120, -.13510E+02
    51.140, -.13480E+02
    51.160, -.10370E+02
    51.180, -.55800E+01
    51.200, -.44700E+01
    51.220, -.52800E+01
    51.240, -.15781E+02
    51.260, -.25020E+02
    51.280, -.23590E+02
    51.300, -.22440E+02
    51.320, -.16620E+02
    51.340, -.83300E+01
    51.360, -.27100E+01
    51.380,  .48000E+00
    51.400, -.24500E+01
    51.420,  .18100E+01
    51.440,  .10300E+02
    51.460,  .10960E+02
    51.480,  .93500E+01
    51.500,  .30100E+01
    51.520, -.81000E+00
    51.540,  .12200E+01
    51.560,  .12200E+01
    51.580,  .54900E+01
    51.600,  .84500E+01
    51.620,  .54700E+01
    51.640, -.11200E+01
    51.660, -.13650E+02
    51.680, -.17780E+02
    51.700, -.14940E+02
    51.720, -.19951E+02
    51.740, -.25570E+02
    51.760, -.29640E+02
    51.780, -.32220E+02
    51.800, -.25910E+02
    51.820, -.15140E+02
    51.840, -.44200E+01
    51.860,  .49100E+01
    51.880,  .57400E+01
    51.900,  .89000E+00
    51.920,  .71000E+00
    51.940,  .16100E+01
    51.960, -.36600E+01
    51.980, -.11700E+02
    52.000, -.17990E+02
    52.020, -.20960E+02
    52.040, -.20640E+02
    52.060, -.18790E+02
    52.080, -.18440E+02
    52.100, -.18400E+02
    52.120, -.12160E+02
    52.140, -.42900E+01
    52.160, -.54700E+01
    52.180, -.11820E+02
    52.200, -.11540E+02
    52.220, -.33990E+01
    52.240,  .33400E+01
    52.260,  .10640E+02
    52.280,  .22330E+02
    52.300,  .25060E+02
    52.320,  .16570E+02
    52.340,  .69300E+01
    52.360, -.11200E+01
    52.380, -.74000E+00
    52.400,  .72810E+01
    52.420,  .10810E+02
    52.440,  .10440E+02
    52.460,  .10820E+02
    52.480,  .92800E+01
    52.500,  .69700E+01
    52.520,  .71100E+01
    52.540,  .64300E+01
    52.560,  .28100E+01
    52.580,  .21300E+01
    52.600,  .48700E+01
    52.620,  .47500E+01
    52.640,  .33300E+01
    52.660,  .13100E+01
    52.680, -.18900E+01
    52.700, -.84000E+00
    52.720, -.38410E+01
    52.740, -.12620E+02
    52.760, -.94900E+01
    52.780, -.47300E+01
    52.800, -.12220E+02
    52.820, -.13820E+02
    52.840, -.85500E+01
    52.860, -.12370E+02
    52.880, -.15210E+02
    52.900, -.49390E+01
    52.920, -.74000E+00
    52.940, -.86900E+01
    52.960, -.64800E+01
    52.980, -.20400E+01
    53.000, -.20600E+01
    53.020,  .67500E+01
    53.040,  .50110E+01
    53.060, -.77010E+01
    53.080, -.10020E+02
    53.100, -.10600E+02
    53.120, -.88300E+01
    53.140, -.27300E+01
    53.160,  .37000E+01
    53.180,  .11450E+02
    53.200,  .68010E+01
    53.220, -.32410E+01
    53.240, -.76300E+01
    53.260, -.14480E+02
    53.280, -.14370E+02
    53.300, -.87600E+01
    53.320, -.11320E+02
    53.340, -.20280E+02
    53.360, -.29550E+02
    53.380, -.32040E+02
    53.400, -.32810E+02
    53.420, -.33170E+02
    53.440, -.28180E+02
    53.460, -.26020E+02
    53.480, -.19560E+02
    53.500, -.59300E+01
    53.520,  .84000E+00
    53.540,  .29100E+01
    53.560,  .35000E+00
    53.580, -.37500E+01
    53.600,  .19800E+01
    53.620,  .98400E+01
    53.640,  .13600E+02
    53.660,  .15650E+02
    53.680,  .13010E+02
    53.700,  .11680E+02
    53.720,  .18641E+02
    53.740,  .20650E+02
    53.760,  .11080E+02
    53.780,  .69300E+01
    53.800,  .52200E+01
    53.820, -.54200E+01
    53.840, -.99400E+01
    53.860, -.81700E+01
    53.880, -.70400E+01
    53.900, -.20900E+01
    53.920, -.88010E+01
    53.940, -.22380E+02
    53.960, -.17620E+02
    53.980, -.59400E+01
    54.000,  .12500E+01
    54.020,  .54900E+01
    54.040,  .10000E+01
    54.060, -.16800E+01
    54.080, -.16400E+01
    54.100, -.92900E+01
    54.120, -.93100E+01
    54.140, -.73000E+00
    54.160,  .17900E+01
    54.180,  .49200E+01
    54.200,  .95900E+01
    54.220,  .11820E+02
    54.240,  .16770E+02
    54.260,  .23200E+02
    54.280,  .21770E+02
    54.300,  .56500E+01
    54.320, -.53000E+01
    54.340,  .28100E+01
    54.360,  .84300E+01
    54.380,  .14939E+02
    54.400,  .26850E+02
    54.420,  .16329E+02
    54.440, -.47110E+01
    54.460, -.90200E+01
    54.480, -.86600E+01
    54.500, -.12170E+02
    54.520, -.12170E+02
    54.540, -.12530E+02
    54.560, -.19091E+02
    54.580, -.22130E+02
    54.600, -.18290E+02
    54.620, -.14010E+02
    54.640, -.10130E+02
    54.660, -.15030E+02
    54.680, -.24130E+02
    54.700, -.25060E+02
    54.720, -.26810E+02
    54.740, -.26870E+02
    54.760, -.22740E+02
    54.780, -.19030E+02
    54.800, -.58400E+01
    54.820,  .50800E+01
    54.840,  .23500E+01
    54.860, -.35890E+01
    54.880, -.12679E+02
    54.900, -.18800E+02
    54.920, -.17570E+02
    54.940, -.14960E+02
    54.960, -.10650E+02
    54.980, -.12050E+02
    55.000, -.16350E+02
    55.020, -.61510E+01
    55.040,  .14268E+02
    55.060,  .25520E+02
    55.080,  .19629E+02
    55.100,  .68600E+01
    55.120,  .32000E+00
    55.140, -.42200E+01
    55.160, -.11930E+02
    55.180, -.86600E+01
    55.200,  .30690E+01
    55.220,  .25400E+01
    55.240,  .81000E+00
    55.260,  .57900E+01
    55.280,  .25300E+01
    55.300, -.14400E+01
    55.320, -.78000E+00
    55.340, -.29800E+01
    55.360, -.79800E+01
    55.380, -.12450E+02
    55.400, -.61590E+01
    55.420,  .49310E+01
    55.440,  .97400E+01
    55.460,  .15050E+02
    55.480,  .16570E+02
    55.500,  .11230E+02
    55.520,  .31510E+01
    55.540, -.80890E+01
    55.560, -.11660E+02
    55.580, -.62400E+01
    55.600, -.37400E+01
    55.620,  .30000E+00
    55.640,  .90600E+01
    55.660,  .10670E+02
    55.680,  .75800E+01
    55.700,  .48200E+01
    55.720, -.45810E+01
    55.740, -.17990E+01
    55.760,  .16221E+02
    55.780,  .19190E+02
    55.800,  .17020E+02
    55.820,  .19920E+02
    55.840,  .20410E+02
    55.860,  .30809E+02
    55.880,  .39930E+02
    55.900,  .36489E+02
    55.920,  .28039E+02
    55.940,  .12020E+02
    55.960,  .64000E+00
    55.980,  .18000E+01
    56.000,  .48500E+01
    56.020,  .60400E+01
    56.040,  .62900E+01
    56.060,  .62200E+01
    56.080,  .33000E+01
    56.100,  .21400E+01
    56.120,  .54700E+01
    56.140,  .99500E+01
    56.160,  .16450E+02
    56.180,  .11940E+02
    56.200,  .10100E+00
    56.220, -.99000E+00
    56.240, -.16400E+01
    56.260, -.31700E+01
    56.280,  .89000E+00
    56.300,  .38600E+01
    56.320,  .49900E+01
    56.340,  .62000E+00
    56.360, -.79800E+01
    56.380, -.92500E+01
    56.400, -.19890E+01
    56.420,  .11500E+01
    56.440, -.40600E+01
    56.460, -.74300E+01
    56.480, -.11100E+02
    56.500, -.88000E+01
    56.520,  .65090E+01
    56.540,  .11400E+02
    56.560,  .98400E+01
    56.580,  .16150E+02
    56.600,  .12480E+02
    56.620,  .54000E+01
    56.640,  .10050E+02
    56.660,  .14580E+02
    56.680,  .12670E+02
    56.700,  .91700E+01
    56.720,  .60800E+01
    56.740,  .12200E+01
    56.760, -.29300E+01
    56.780, -.23600E+01
    56.800, -.23800E+01
    56.820, -.35100E+01
    56.840,  .13200E+01
    56.860,  .57800E+01
    56.880,  .81000E-01
    56.900, -.28500E+01
    56.920,  .57900E+01
    56.940,  .11800E+02
    56.960,  .13340E+02
    56.980,  .12250E+02
    57.000,  .14800E+01
    57.020, -.85200E+01
    57.040, -.66610E+01
    57.060,  .40210E+01
    57.080,  .15960E+02
    57.100,  .15170E+02
    57.120,  .62600E+01
    57.140,  .10250E+02
    57.160,  .19820E+02
    57.180,  .19040E+02
    57.200,  .10431E+02
    57.220, -.39510E+01
    57.240, -.11620E+02
    57.260, -.45900E+01
    57.280, -.15000E+00
    57.300,  .19300E+01
    57.320,  .10430E+02
    57.340,  .15920E+02
    57.360,  .15650E+02
    57.380,  .16960E+02
    57.400,  .22320E+02
    57.420,  .16189E+02
    57.440, -.49110E+01
    57.460, -.19730E+02
    57.480, -.28830E+02
    57.500, -.30870E+02
    57.520, -.17771E+02
    57.540, -.52610E+01
    57.560,  .30000E+00
    57.580, -.45100E+01
    57.600, -.14960E+02
    57.620, -.13170E+02
    57.640, -.97800E+01
    57.660, -.77000E+01
    57.680,  .27190E+01
    57.700,  .11639E+02
    57.720,  .17060E+02
    57.740,  .18140E+02
    57.760,  .15460E+02
    57.780,  .14280E+02
    57.800,  .86600E+01
    57.820,  .82000E+01
    57.840,  .18180E+02
    57.860,  .17540E+02
    57.880,  .10600E+02
    57.900,  .13270E+02
    57.920,  .13450E+02
    57.940,  .10790E+02
    57.960,  .11870E+02
    57.980,  .26600E+01
    58.000, -.74900E+01
    58.020, -.67700E+01
    58.040, -.12279E+02
    58.060, -.17420E+02
    58.080, -.11880E+02
    58.100, -.91100E+01
    58.120, -.92300E+01
    58.140, -.76800E+01
    58.160, -.37900E+01
    58.180,  .46000E+00
    58.200, -.71590E+01
    58.220, -.21081E+02
    58.240, -.18569E+02
    58.260, -.55900E+01
    58.280, -.67800E+01
    58.300, -.13320E+02
    58.320, -.74300E+01
    58.340, -.29500E+01
    58.360, -.73200E+01
    58.380, -.35790E+01
    58.400,  .15341E+02
    58.420,  .31981E+02
    58.440,  .33660E+02
    58.460,  .27680E+02
    58.480,  .17540E+02
    58.500,  .12040E+02
    58.520,  .18519E+02
    58.540,  .24360E+02
    58.560,  .28970E+02
    58.580,  .31090E+02
    58.600,  .18509E+02
    58.620, -.12400E+01
    58.640, -.12480E+02
    58.660, -.98800E+01
    58.680, -.21600E+01
    58.700,  .26900E+01
    58.720,  .30800E+01
    58.740,  .32000E+00
    58.760,  .95500E+01
    58.780,  .20530E+02
    58.800,  .10630E+02
    58.820, -.36700E+01
    58.840, -.14869E+02
    58.860, -.27419E+02
    58.880, -.29080E+02
    58.900, -.20619E+02
    58.920, -.11240E+02
    58.940, -.41300E+01
    58.960,  .48500E+01
    58.980,  .18200E+02
    59.000,  .23720E+02
    59.020,  .19450E+02
    59.040,  .18480E+02
    59.060,  .22230E+02
    59.080,  .24050E+02
    59.100,  .27090E+02
    59.120,  .31690E+02
    59.140,  .30180E+02
    59.160,  .28920E+02
    59.180,  .33200E+02
    59.200,  .38000E+02
    59.220,  .42990E+02
    59.240,  .42780E+02
    59.260,  .33539E+02
    59.280,  .18400E+02
    59.300,  .53600E+01
    59.320,  .47200E+01
    59.340,  .92200E+01
    59.360,  .83100E+01
    59.380,  .93900E+00
    59.400, -.62800E+01
    59.420, -.25000E+01
    59.440,  .27600E+01
    59.460,  .16500E+01
    59.480,  .25200E+01
    59.500,  .37200E+01
    59.520,  .10000E+01
    59.540, -.39600E+01
    59.560, -.40300E+01
    59.580, -.20000E+01
    59.600, -.47200E+01
    59.620,  .21600E+01
    59.640,  .13290E+02
    59.660,  .12170E+02
    59.680,  .11220E+02
    59.700,  .10400E+02
    59.720,  .34900E+01
    59.740,  .40200E+01
    59.760,  .13620E+02
    59.780,  .18930E+02
    59.800,  .16930E+02
    59.820,  .14670E+02
    59.840,  .89500E+01
    59.860,  .19800E+01
    59.880,  .58810E+01
    59.900,  .10170E+02
    59.920,  .98200E+01
    59.940,  .13020E+02
    59.960,  .98600E+01
    59.980,  .41100E+01
    60.000,  .87700E+01
